stem,layout,notes,nonempty_lines,numeric_tokens,first_onset_seconds,last_offset_seconds,audio_exists,audio_duration_seconds,annotation_within_audio,adjacent_overlap_count,sha256
child1,note_rows,119,119,357,0.622,56.197,True,56.93337868480726,True,0,341928de4d937ee01cf17e67ba0ee0e28946deed450da3fdf5324639c5e17793
child10,note_rows,87,87,261,0.627,36.081,True,37.220884353741496,True,0,3ad649259d30913364f58e242a4c6970f8c7e4370629b0af51449460bddd3c24
child11,note_rows,72,72,216,1.977,35.768,True,37.652857142857144,True,0,74b418d9769b5049940b6b3e6298c26e3b67311eed915ddcd21b7391e7df39b6
child12,note_rows,89,89,267,1.1,34.301,True,35.06063492063492,True,0,3f14edb44bdeb10d30aa293e542512e1b84dc323a2be3be8ccdf62d9f5ca6ebb
child13,note_rows,62,62,186,1.117,29.142,True,30.49907029478458,True,0,479c1dc5cc8600f20052169318347dc9a3c3eed5fd90cdd5bdc6230a94a26971
child14,note_rows,161,161,483,0.81,86.265,True,86.89605442176871,True,0,450144c0641b39ca7158d13e168307ea11da1e8f42e5d4fa3b23ce81cc4caeb8
child2,note_rows,110,110,330,1.269,54.062,True,54.41925170068027,True,0,88fbaaea2dee43fe98289aae2d1c341e6828bbd6329953132570a950eaca8bde
child3,note_rows,61,61,183,0.525,29.611,True,30.0,True,0,2aa289a25869fe14d789609dd1bc5f0ce432e489cea22f4a2106ac04f4ae6b60
child4,note_rows,30,30,90,1.56,13.623,True,14.168707482993197,True,0,d59b5dfb4d55d01442e96f4f51af2d77aebe2bf0dda5f5a000d4d6114c12501e
child5,note_rows,61,61,183,0.117,29.348,True,29.62124716553288,True,0,146cd51d5a7a9754b6aee69e19cf17925352b89f0de152e849457bdbd7a78656
child6,note_rows,60,60,180,0.128,32.595,True,33.0,True,0,94cf236862b29476e059fc457c33d5aab5e9807e34b51c7342f9761edaab3f95
child7,note_rows,60,60,180,1.225,35.542,True,36.881950113378686,True,0,087681edf1e67121a7f12b48f2c11d69b49cc117981387321cda2a9791bf62a0
child8,note_rows,87,87,261,3.155,42.955,True,45.0,True,0,09959a6b2276fb8e40fceebaf6b74f7712e107a0643efdec84407373bb517dd2
child9,note_rows,61,61,183,1.735,29.506,True,29.9437641723356,True,0,802cbb7227eebc9377d0476c81b31db60e6d262f44d87c6dd706279adda604c2
q1,note_rows,28,28,84,0.385,15.109,True,15.75,True,0,47bcb9e0d7b7caa8ab08b1240d5716bdfb8ad9282a700ab723a10b1e9d2b02bd
q102,note_rows,62,62,186,0.458,32.463,True,32.90625850340136,True,0,486569e536d464f973d9e521b6bc58c560a2d0a95c20d4ae56edbdeef454b8e0
q14,note_rows,27,27,81,0.315,19.865,True,20.28124716553288,True,0,31c8da427a8cd3bb06587f8d0a8bffa41dcb02986eccb420a602be52ec1e6676
q16,note_rows,29,29,87,0.441,16.684,True,17.016666666666666,True,0,8d2ae294cf11e5be17f3cdbd64ba45d4b5e95aae19327de88920de2bfb025344
q18,note_rows,36,36,108,0.548,27.643,True,27.93750566893424,True,0,15900c0273ef8fd37f9c8915c7a01980e7aa34f459a4432ce4292efc6476506c
q2,note_rows,35,35,105,0.525,22.794,True,24.06249433106576,True,0,6920d98f4620cd6451f07f4d5ee26fdb70440aa8585deb47764fd48cdb4f5dd6
q21,note_rows,78,78,234,0.228,32.009,True,32.18750566893424,True,0,d8192339cf55e5913cd9c5db0a79f20c4ff524f02eacb642d1bfb7f2a60a4816
q22,note_rows,85,85,255,0.423,43.959,True,44.28124716553288,True,0,abd8e33e04d505eaf24a7da70a37042986c63b810b2d0c59202ca9bf6d05ce71
q24,note_rows,49,49,147,0.295,19.097,True,20.06249433106576,True,0,5b414deccbb436fd0cd5e1f45e1724fc9554c02b0318c8ad0f71e61bcadf15ab
q34,note_rows,35,35,105,0.377,17.491,True,18.56249433106576,True,0,b492e8ee1bb52484f6793a0aa6538bc91b7ba1da41214d88a3e74843a206a553
q56,note_rows,52,52,156,0.429,16.975,True,17.75,True,0,a0199f08f256e130ca94fb2dd0dfcbe3f81dc51791362ef871bb0628b9af69f6
q58,note_rows,37,37,111,0.792,28.432,True,29.374988662131518,True,0,0933c3629fe8190fbb3101eaaaf7ecc610ac26c9c1f28ebe96ff189ac995466d
q59,note_rows,29,29,87,0.646,16.101,True,16.81249433106576,True,0,42c4693aeb84b6c18f3db352c6c848e7e384e4c316877e4e04600dacbba4d2fb
q61,note_rows,29,29,87,0.268,14.221,True,14.968730158730159,True,0,fd1b5dcbd8eb1f947c9bbeb12847b77b0aad98894aa54dd2473dede6a8d4025e
q62,note_rows,32,32,96,0.552,26.379,True,27.374988662131518,True,0,a907515bff82a133f98875848c7ed08546ffbaaea652c6a6c50962c67e981233
q63,note_rows,34,34,102,0.427,17.19,True,17.875011337868482,True,0,87891f9a49830cb1a830d035528ad7f0db1b37220d3493e8353dfb7cd3a21154
q73,note_rows,39,39,117,0.51,20.419,True,20.75,True,0,c008761316fc00675c1f46a998c55bd6a9e17758638dc84f3364bfc90aa972ae
q8,note_rows,56,56,168,0.67,25.579,True,26.1562358276644,True,0,574b8babe68f5ee68f9edc3e5c091c7ccbf98f0cb4a466bafc78c6c63ea5b4ae
q80,value_vector,56,168,168,1.378,40.029,True,42.001995464852605,True,0,b730f994d3f68fc51fb7a7a83ecd56f7eab1452a01049a141eb0994c291472ea
q85,value_vector,23,69,69,1.553,22.672,True,24.618956916099773,True,0,0d7032ff8a7f243c101777eaf0e11142e4d62bcce7e1ca7cad6bd9ff49cc24b2
q86,value_vector,51,153,153,1.593,26.034,True,27.76235827664399,True,0,85b5da82ab4df684b13d5de856029df476d0f0dd637a9719e20c156040f95221
q87,value_vector,67,201,201,1.272,37.133,True,38.308571428571426,True,0,ffb280b754259be36787d28f536f8c73cfa22a0a2ede5c1ae22e76601475c1c6
q9,note_rows,43,43,129,0.355,17.18,True,17.883333333333333,True,0,bd01fe709589a01ba0ecd4f28044f542ef6753dc48666cd8482559987bf7e5d2
q96,note_rows,20,20,60,0.209,20.852,True,22.836825396825397,True,0,a5057b73ea866fda208110faba278c8b43f9a15d845f784b688a201ae1f25365
