stem,ref_notes,est_notes,COnPOff_P,COnPOff_R,COnPOff_F,COnP_P,COnP_R,COnP_F,COn_P,COn_R,COn_F,Split,Merged,Spurious,audio_duration_seconds,split_approx_count,split_per_5_seconds,split_per_100_ref_notes,merged_approx_count,merged_per_5_seconds,merged_per_100_ref_notes,spurious_approx_count,spurious_per_5_seconds,spurious_per_100_ref_notes
child1,119,121,0.7603305785123967,0.773109243697479,0.7666666666666667,0.9586776859504132,0.9747899159663864,0.9666666666666668,0.9586776859504132,0.9747899159663864,0.9666666666666668,0.0924369747899159,0.0756302521008403,0.0,56.93337868480726,10.999999999999993,0.9660413850456548,9.24369747899159,8.999999999999996,0.790397496855536,7.563025210084031,0.0,0.0,0.0
child10,87,83,0.7710843373493976,0.735632183908046,0.7529411764705882,0.9036144578313252,0.8620689655172413,0.8823529411764707,0.9518072289156626,0.9080459770114944,0.9294117647058824,0.1034482758620689,0.1724137931034483,0.0229885057471264,37.220884353741496,8.999999999999995,1.208998678600083,10.34482758620689,15.000000000000002,2.0149977976668065,17.24137931034483,1.9999999999999967,0.2686663730222404,2.29885057471264
child11,72,70,0.8857142857142857,0.8611111111111112,0.8732394366197184,0.9428571428571428,0.9166666666666666,0.9295774647887324,0.9571428571428572,0.9305555555555556,0.943661971830986,0.1527777777777778,0.1944444444444444,0.0416666666666666,37.652857142857144,11.0,1.460712524187123,15.277777777777779,13.999999999999996,1.859088667147247,19.44444444444444,2.9999999999999956,0.3983761429601238,4.16666666666666
child12,89,91,0.7032967032967034,0.7191011235955056,0.7111111111111111,0.8021978021978022,0.8202247191011236,0.8111111111111112,0.8571428571428571,0.8764044943820225,0.8666666666666666,0.1685393258426966,0.1797752808988764,0.0449438202247191,35.06063492063492,14.999999999999996,2.1391512210139347,16.85393258426966,16.0,2.281761302414864,17.97752808988764,4.0,0.570440325603716,4.49438202247191
child13,62,66,0.8333333333333334,0.8870967741935484,0.859375,0.8636363636363636,0.9193548387096774,0.890625,0.8636363636363636,0.9193548387096774,0.890625,0.1774193548387097,0.1774193548387097,0.0483870967741935,30.49907029478458,11.0,1.8033336579903927,17.741935483870968,11.0,1.8033336579903927,17.741935483870968,2.999999999999997,0.49181827036101566,4.83870967741935
child14,161,156,0.6794871794871795,0.6583850931677019,0.6687697160883281,0.8269230769230769,0.8012422360248447,0.8138801261829653,0.8461538461538461,0.8198757763975155,0.8328075709779179,0.15527950310559,0.1614906832298136,0.0062111801242236,86.89605442176871,24.99999999999999,1.4385002959200601,15.527950310559,25.99999999999999,1.4960403077568627,16.14906832298136,0.9999999999999997,0.05754001183680241,0.6211180124223601
child2,110,105,0.780952380952381,0.7454545454545455,0.7627906976744186,0.9523809523809524,0.9090909090909092,0.9302325581395348,0.9523809523809524,0.9090909090909092,0.9302325581395348,0.0636363636363636,0.109090909090909,0.009090909090909,54.41925170068027,6.9999999999999964,0.643154745906998,6.36363636363636,11.999999999999991,1.1025509929834247,10.9090909090909,0.99999999999999,0.09187924941528454,0.9090909090909001
child3,61,58,0.7413793103448276,0.7049180327868853,0.7226890756302522,0.913793103448276,0.8688524590163934,0.8907563025210085,0.9310344827586208,0.8852459016393442,0.907563025210084,0.081967213114754,0.1147540983606557,0.0,30.0,4.999999999999994,0.8333333333333324,8.1967213114754,6.999999999999997,1.1666666666666663,11.47540983606557,0.0,0.0,0.0
child4,30,28,0.75,0.7,0.7241379310344827,0.8571428571428571,0.8,0.8275862068965518,0.8928571428571429,0.8333333333333334,0.8620689655172413,0.0333333333333333,0.1333333333333333,0.0333333333333333,14.168707482993197,0.9999999999999989,0.3528903399270209,3.33333333333333,3.999999999999999,1.411561359708085,13.33333333333333,0.9999999999999989,0.3528903399270209,3.33333333333333
child5,61,61,0.8360655737704918,0.8360655737704918,0.8360655737704918,0.9672131147540984,0.9672131147540984,0.9672131147540984,0.9672131147540984,0.9672131147540984,0.9672131147540984,0.081967213114754,0.081967213114754,0.0,29.62124716553288,4.999999999999994,0.8439887713131078,8.1967213114754,4.999999999999994,0.8439887713131078,8.1967213114754,0.0,0.0,0.0
child6,60,63,0.7777777777777778,0.8166666666666667,0.7967479674796747,0.9206349206349206,0.9666666666666668,0.943089430894309,0.9206349206349206,0.9666666666666668,0.943089430894309,0.15,0.15,0.05,33.0,9.0,1.3636363636363635,15.0,9.0,1.3636363636363635,15.0,3.0,0.4545454545454546,5.0
child7,60,59,0.8305084745762712,0.8166666666666667,0.8235294117647058,0.9152542372881356,0.9,0.907563025210084,0.9152542372881356,0.9,0.907563025210084,0.1333333333333333,0.1166666666666666,0.0,36.881950113378686,7.999999999999998,1.0845413509056903,13.33333333333333,6.999999999999996,0.9489736820424786,11.66666666666666,0.0,0.0,0.0
child8,87,83,0.8433734939759037,0.8045977011494253,0.8235294117647061,0.891566265060241,0.8505747126436781,0.8705882352941176,0.9397590361445785,0.896551724137931,0.9176470588235294,0.1149425287356321,0.1724137931034483,0.0459770114942528,45.0,9.999999999999993,1.1111111111111103,11.49425287356321,15.000000000000002,1.666666666666667,17.24137931034483,3.9999999999999933,0.4444444444444437,4.59770114942528
child9,61,59,0.8983050847457628,0.8688524590163934,0.8833333333333333,0.9661016949152542,0.9344262295081968,0.95,0.9830508474576272,0.9508196721311476,0.9666666666666668,0.1311475409836065,0.180327868852459,0.0163934426229508,29.9437641723356,7.999999999999997,1.335837397388907,13.11475409836065,10.999999999999998,1.8367764214097473,18.032786885245898,0.9999999999999988,0.16697967467361322,1.63934426229508
q1,28,25,0.56,0.5,0.5283018867924528,0.76,0.6785714285714286,0.7169811320754718,0.92,0.8214285714285714,0.8679245283018867,0.0714285714285714,0.25,0.0714285714285714,15.75,1.9999999999999991,0.6349206349206347,7.14285714285714,7.0,2.2222222222222223,25.0,1.9999999999999991,0.6349206349206347,7.14285714285714
q102,62,55,0.7090909090909091,0.6290322580645161,0.6666666666666666,0.8181818181818182,0.7258064516129032,0.7692307692307693,0.9454545454545454,0.8387096774193549,0.8888888888888888,0.3387096774193548,0.4193548387096774,0.0,32.90625850340136,21.0,3.190882366317844,33.87096774193548,25.999999999999996,3.950616263060187,41.93548387096774,0.0,0.0,0.0
q14,27,25,0.8,0.7407407407407407,0.7692307692307692,1.0,0.925925925925926,0.9615384615384616,1.0,0.925925925925926,0.9615384615384616,0.2222222222222222,0.2962962962962963,0.0,20.28124716553288,6.0,1.4791989740642641,22.22222222222222,8.0,1.9722652987523523,29.629629629629626,0.0,0.0,0.0
q16,29,25,0.88,0.7586206896551724,0.8148148148148148,0.96,0.8275862068965517,0.888888888888889,1.0,0.8620689655172413,0.925925925925926,0.3448275862068966,0.4137931034482758,0.0,17.016666666666666,10.0,2.9382957884427037,34.48275862068966,11.999999999999998,3.525954946131243,41.37931034482758,0.0,0.0,0.0
q18,36,38,0.6578947368421053,0.6944444444444444,0.6756756756756757,0.7368421052631579,0.7777777777777778,0.7567567567567567,0.7631578947368421,0.8055555555555556,0.7837837837837838,0.3888888888888889,0.3611111111111111,0.0,27.93750566893424,14.0,2.5055923327413634,38.88888888888889,13.0,2.326621451831266,36.11111111111111,0.0,0.0,0.0
q2,35,25,0.6,0.4285714285714285,0.5,0.84,0.6,0.7000000000000001,0.96,0.6857142857142857,0.7999999999999999,0.0285714285714285,0.2285714285714285,0.0,24.06249433106576,0.9999999999999976,0.20779225674641566,2.85714285714285,7.999999999999998,1.6623380539713288,22.85714285714285,0.0,0.0,0.0
q21,78,84,0.5357142857142857,0.5769230769230769,0.5555555555555555,0.7142857142857143,0.7692307692307693,0.7407407407407408,0.8214285714285714,0.8846153846153846,0.8518518518518519,0.3974358974358974,0.3333333333333333,0.0128205128205128,32.18750566893424,30.999999999999996,4.815533132460096,39.743589743589745,26.0,4.038834240127822,33.33333333333333,0.9999999999999983,0.15533977846645444,1.28205128205128
q22,85,84,0.5476190476190477,0.5411764705882353,0.544378698224852,0.7380952380952381,0.7294117647058823,0.7337278106508874,0.8571428571428571,0.8470588235294118,0.8520710059171598,0.3176470588235294,0.3058823529411765,0.0117647058823529,44.28124716553288,27.0,3.0486946199898295,31.76470588235294,26.000000000000004,2.9357800044346516,30.58823529411765,0.9999999999999964,0.11291461555517848,1.17647058823529
q24,49,44,0.4090909090909091,0.3673469387755102,0.3870967741935484,0.75,0.673469387755102,0.7096774193548386,0.8636363636363636,0.7755102040816326,0.8172043010752688,0.1836734693877551,0.2448979591836734,0.0408163265306122,20.06249433106576,9.0,2.242991287993526,18.367346938775512,11.999999999999996,2.9906550506580336,24.489795918367342,1.9999999999999978,0.4984425084430052,4.08163265306122
q34,35,34,0.5882352941176471,0.5714285714285714,0.5797101449275363,0.7647058823529411,0.7428571428571429,0.7536231884057971,0.8529411764705882,0.8285714285714286,0.8405797101449276,0.2,0.2,0.0,18.56249433106576,7.0,1.885522461355035,20.0,7.0,1.885522461355035,20.0,0.0,0.0,0.0
q56,52,53,0.7924528301886793,0.8076923076923077,0.7999999999999999,0.8679245283018868,0.8846153846153846,0.8761904761904762,0.9245283018867924,0.9423076923076924,0.9333333333333332,0.2307692307692307,0.25,0.0192307692307692,17.75,11.999999999999996,3.380281690140844,23.07692307692307,13.0,3.6619718309859155,25.0,0.9999999999999984,0.28169014084507,1.92307692307692
q58,37,53,0.5094339622641509,0.7297297297297297,0.6,0.6226415094339622,0.8918918918918919,0.7333333333333333,0.6415094339622641,0.918918918918919,0.7555555555555555,0.1891891891891892,0.1081081081081081,0.3513513513513513,29.374988662131518,7.0,1.1914898215814431,18.91891891891892,3.9999999999999996,0.6808513266179674,10.81081081081081,12.999999999999998,2.212766811508394,35.13513513513513
q59,29,28,0.6785714285714286,0.6551724137931034,0.6666666666666666,1.0,0.9655172413793104,0.9824561403508772,1.0,0.9655172413793104,0.9824561403508772,0.1034482758620689,0.1379310344827586,0.0,16.81249433106576,2.999999999999998,0.8921936093850937,10.34482758620689,3.999999999999999,1.1895914791801256,13.79310344827586,0.0,0.0,0.0
q61,29,29,0.5862068965517241,0.5862068965517241,0.5862068965517241,0.8620689655172413,0.8620689655172413,0.8620689655172413,0.8620689655172413,0.8620689655172413,0.8620689655172413,0.1724137931034483,0.2068965517241379,0.0689655172413793,14.968730158730159,5.0,1.6701483515900872,17.24137931034483,5.999999999999999,2.0041780219081047,20.68965517241379,1.9999999999999996,0.6680593406360348,6.89655172413793
q62,32,34,0.6764705882352942,0.71875,0.696969696969697,0.8823529411764706,0.9375,0.9090909090909092,0.8823529411764706,0.9375,0.9090909090909092,0.1875,0.15625,0.0,27.374988662131518,6.0,1.0958908648426118,18.75,5.0,0.9132423873688431,15.625,0.0,0.0,0.0
q63,34,36,0.6111111111111112,0.6470588235294118,0.6285714285714287,0.8888888888888888,0.9411764705882352,0.9142857142857144,0.8888888888888888,0.9411764705882352,0.9142857142857144,0.1176470588235294,0.1176470588235294,0.0588235294117647,17.875011337868482,3.9999999999999996,1.1188804091905493,11.76470588235294,3.9999999999999996,1.1188804091905493,11.76470588235294,1.9999999999999998,0.5594402045952747,5.88235294117647
q73,39,46,0.5652173913043478,0.6666666666666666,0.6117647058823529,0.717391304347826,0.8461538461538461,0.776470588235294,0.782608695652174,0.9230769230769232,0.8470588235294118,0.2564102564102564,0.1025641025641025,0.0,20.75,10.0,2.4096385542168672,25.64102564102564,3.999999999999998,0.9638554216867465,10.25641025641025,0.0,0.0,0.0
q8,56,60,0.4333333333333333,0.4642857142857143,0.4482758620689655,0.7,0.75,0.7241379310344827,0.7833333333333333,0.8392857142857143,0.8103448275862069,0.2321428571428571,0.2321428571428571,0.125,26.1562358276644,12.999999999999996,2.4850670573650393,23.214285714285708,12.999999999999996,2.4850670573650393,23.214285714285708,7.0,1.3381130308888678,12.5
q80,56,57,0.5614035087719298,0.5714285714285714,0.5663716814159292,0.7894736842105263,0.8035714285714286,0.7964601769911505,0.8771929824561403,0.8928571428571429,0.8849557522123894,0.2321428571428571,0.1964285714285714,0.0,42.001995464852605,12.999999999999996,1.5475455220786396,23.214285714285708,10.999999999999998,1.3094615956050029,19.64285714285714,0.0,0.0,0.0
q85,23,21,0.5238095238095238,0.4782608695652174,0.5,0.5714285714285714,0.5217391304347826,0.5454545454545454,0.7619047619047619,0.6956521739130435,0.7272727272727272,0.1739130434782608,0.217391304347826,0.0,24.618956916099773,3.9999999999999987,0.8123821032775286,17.391304347826082,4.999999999999998,1.0154776290969107,21.7391304347826,0.0,0.0,0.0
q86,51,46,0.6739130434782609,0.6078431372549019,0.6391752577319587,0.8695652173913043,0.7843137254901961,0.8247422680412372,0.9130434782608696,0.8235294117647058,0.865979381443299,0.196078431372549,0.2352941176470588,0.0,27.76235827664399,9.999999999999998,1.800999738630423,19.6078431372549,11.999999999999998,2.161199686356508,23.52941176470588,0.0,0.0,0.0
q87,67,58,0.5862068965517241,0.5074626865671642,0.544,0.7068965517241379,0.6119402985074627,0.6559999999999999,0.8793103448275862,0.7611940298507462,0.8160000000000001,0.2238805970149253,0.3283582089552239,0.0,38.308571428571426,14.999999999999995,1.9577863961813837,22.38805970149253,22.0,2.8714200477326974,32.83582089552239,0.0,0.0,0.0
q9,43,40,0.85,0.7906976744186046,0.8192771084337349,0.95,0.8837209302325582,0.9156626506024096,1.0,0.9302325581395348,0.963855421686747,0.2558139534883721,0.3023255813953488,0.0,17.883333333333333,11.0,3.0754892823858344,25.581395348837212,13.0,3.634669151910531,30.23255813953488,0.0,0.0,0.0
q96,20,18,0.9444444444444444,0.85,0.8947368421052632,0.9444444444444444,0.85,0.8947368421052632,1.0,0.9,0.9473684210526316,0.0,0.05,0.0,22.836825396825397,0.0,0.0,0.0,1.0,0.21894461743772242,5.0,0.0,0.0,0.0
