decoder_candidate,onset_threshold,offset_threshold,min_onset_separation_seconds,min_note_duration_seconds,crepe_confidence_threshold,matches,ref_notes,est_notes,COnPOff_F_micro
5,0.36,0.405,0.162,0.1,0.3,1195,1702,1704,0.7017028772753964
8,0.36,0.405,0.162,0.11,0.3,1189,1702,1689,0.7012680625184312
14,0.36,0.405,0.18,0.1,0.3,1182,1702,1672,0.7006520450503854
17,0.36,0.405,0.18,0.11,0.3,1176,1702,1657,0.7002083953557607
2,0.36,0.405,0.162,0.09,0.3,1198,1702,1721,0.6999707858603563
11,0.36,0.405,0.18,0.09,0.3,1184,1702,1689,0.6983190799174285
4,0.36,0.405,0.162,0.1,0.25,1190,1702,1712,0.6971294669009959
13,0.36,0.405,0.18,0.1,0.25,1177,1702,1680,0.6960378474275576
7,0.36,0.405,0.162,0.11,0.25,1183,1702,1701,0.6952688803996474
1,0.36,0.405,0.162,0.09,0.25,1192,1702,1728,0.6950437317784257
86,0.4,0.405,0.162,0.1,0.3,1169,1702,1664,0.6945929887106358
16,0.36,0.405,0.18,0.11,0.25,1170,1702,1669,0.694156036784337
89,0.4,0.405,0.162,0.11,0.3,1163,1702,1649,0.6941211578633244
3,0.36,0.405,0.162,0.1,0.2,1188,1702,1724,0.6935201401050789
10,0.36,0.405,0.18,0.09,0.25,1178,1702,1696,0.6933490288404944
83,0.4,0.405,0.162,0.09,0.3,1172,1702,1681,0.6928761454330477
6,0.36,0.405,0.162,0.11,0.2,1183,1702,1715,0.6924202516827627
12,0.36,0.405,0.18,0.1,0.2,1175,1702,1692,0.6923983500294637
15,0.36,0.405,0.18,0.11,0.2,1170,1702,1683,0.691285081240768
0,0.36,0.405,0.162,0.09,0.2,1190,1702,1742,0.6910569105691057
85,0.4,0.405,0.162,0.1,0.25,1165,1702,1672,0.6905749851807944
23,0.36,0.405,0.198,0.1,0.3,1156,1702,1651,0.6895317626006561
9,0.36,0.405,0.18,0.09,0.2,1176,1702,1710,0.6893317702227433
26,0.36,0.405,0.198,0.11,0.3,1150,1702,1636,0.689035350509287
95,0.4,0.405,0.18,0.1,0.3,1150,1702,1636,0.689035350509287
88,0.4,0.405,0.162,0.11,0.25,1158,1702,1661,0.688670829616414
98,0.4,0.405,0.18,0.11,0.3,1144,1702,1621,0.68853445681613
82,0.4,0.405,0.162,0.09,0.25,1167,1702,1688,0.6884955752212389
84,0.4,0.405,0.162,0.1,0.2,1163,1702,1684,0.6869462492616657
20,0.36,0.405,0.198,0.09,0.3,1156,1702,1667,0.6862570495696052
92,0.4,0.405,0.18,0.09,0.3,1151,1702,1653,0.686140089418778
87,0.4,0.405,0.162,0.11,0.2,1158,1702,1675,0.6858158128516434
167,0.44,0.405,0.162,0.1,0.3,1137,1702,1616,0.6853526220614828
32,0.36,0.45,0.162,0.1,0.3,1167,1702,1704,0.6852613035819142
94,0.4,0.405,0.18,0.1,0.25,1146,1702,1644,0.684997011356844
22,0.36,0.405,0.198,0.1,0.25,1151,1702,1659,0.6849152038083903
170,0.44,0.405,0.162,0.11,0.3,1131,1702,1601,0.6848319709355132
29,0.36,0.45,0.162,0.09,0.3,1172,1702,1721,0.6847794332456909
35,0.36,0.45,0.162,0.11,0.3,1161,1702,1689,0.6847537599528164
81,0.4,0.405,0.162,0.09,0.2,1165,1702,1702,0.6844888366627497
164,0.44,0.405,0.162,0.09,0.3,1140,1702,1633,0.6836581709145427
41,0.36,0.45,0.18,0.1,0.3,1153,1702,1672,0.6834617664493183
97,0.4,0.405,0.18,0.11,0.25,1139,1702,1633,0.6830584707646177
25,0.36,0.405,0.198,0.11,0.25,1144,1702,1648,0.6829850746268658
44,0.36,0.45,0.18,0.11,0.3,1147,1702,1657,0.682941351592736
38,0.36,0.45,0.18,0.09,0.3,1157,1702,1689,0.6823945738720142
176,0.44,0.405,0.18,0.1,0.3,1124,1702,1595,0.6818319684561723
91,0.4,0.405,0.18,0.09,0.25,1146,1702,1660,0.6817370612730518
93,0.4,0.405,0.18,0.1,0.2,1144,1702,1656,0.6813579511614056
166,0.44,0.405,0.162,0.1,0.25,1133,1702,1624,0.6812988574864701
179,0.44,0.405,0.18,0.11,0.3,1118,1702,1580,0.6812918951858623
19,0.36,0.405,0.198,0.09,0.25,1150,1702,1674,0.6812796208530806
21,0.36,0.405,0.198,0.1,0.2,1148,1702,1671,0.6806996738808182
96,0.4,0.405,0.18,0.11,0.2,1139,1702,1647,0.6802030456852792
31,0.36,0.45,0.162,0.1,0.25,1161,1702,1712,0.680140597539543
24,0.36,0.405,0.198,0.11,0.2,1143,1702,1662,0.6795481569560048
169,0.44,0.405,0.162,0.11,0.25,1126,1702,1613,0.6793363499245851
28,0.36,0.45,0.162,0.09,0.25,1165,1702,1728,0.6793002915451894
163,0.44,0.405,0.162,0.09,0.25,1135,1702,1640,0.6792339916217833
113,0.4,0.45,0.162,0.1,0.3,1143,1702,1664,0.6791443850267379
173,0.44,0.405,0.18,0.09,0.3,1125,1702,1612,0.6789378394689198
110,0.4,0.45,0.162,0.09,0.3,1148,1702,1681,0.6786875554241797
116,0.4,0.45,0.162,0.11,0.3,1137,1702,1649,0.6786034019695614
40,0.36,0.45,0.18,0.1,0.25,1147,1702,1680,0.6782968657599054
34,0.36,0.45,0.162,0.11,0.25,1154,1702,1701,0.6782250955039671
175,0.44,0.405,0.18,0.1,0.25,1120,1702,1603,0.6777609682299546
90,0.4,0.405,0.18,0.09,0.2,1144,1702,1674,0.6777251184834123
104,0.4,0.405,0.198,0.1,0.3,1124,1702,1617,0.6773124435070805
165,0.44,0.405,0.162,0.1,0.2,1130,1702,1635,0.6772550194785736
37,0.36,0.45,0.18,0.09,0.25,1150,1702,1696,0.6768687463213654
107,0.4,0.405,0.198,0.11,0.3,1118,1702,1602,0.6767554479418886
18,0.36,0.405,0.198,0.09,0.2,1147,1702,1688,0.6766961651917404
43,0.36,0.45,0.18,0.11,0.25,1140,1702,1669,0.676357164046277
168,0.44,0.405,0.162,0.11,0.2,1125,1702,1626,0.6760817307692307
178,0.44,0.405,0.18,0.11,0.25,1113,1702,1592,0.6757741347905282
30,0.36,0.45,0.162,0.1,0.2,1156,1702,1724,0.6748394629305312
162,0.44,0.405,0.162,0.09,0.2,1132,1702,1653,0.6748137108792847
112,0.4,0.45,0.162,0.1,0.25,1138,1702,1672,0.6745702430349734
172,0.44,0.405,0.18,0.09,0.25,1120,1702,1619,0.6744956338452274
109,0.4,0.45,0.162,0.09,0.25,1142,1702,1688,0.6737463126843657
174,0.44,0.405,0.18,0.1,0.2,1117,1702,1614,0.6737032569360675
33,0.36,0.45,0.162,0.11,0.2,1151,1702,1715,0.6736903716710564
27,0.36,0.45,0.162,0.09,0.2,1160,1702,1742,0.6736353077816493
101,0.4,0.405,0.198,0.09,0.3,1123,1702,1633,0.6734632683658172
122,0.4,0.45,0.18,0.1,0.3,1124,1702,1636,0.6734571599760335
103,0.4,0.405,0.198,0.1,0.25,1120,1702,1625,0.6732792305380222
125,0.4,0.45,0.18,0.11,0.3,1118,1702,1621,0.6728859464339452
115,0.4,0.45,0.162,0.11,0.25,1131,1702,1661,0.672613737734166
177,0.44,0.405,0.18,0.11,0.2,1112,1702,1605,0.6725128515270639
39,0.36,0.45,0.18,0.1,0.2,1141,1702,1692,0.6723629935179729
119,0.4,0.45,0.18,0.09,0.3,1127,1702,1653,0.6718330849478391
106,0.4,0.405,0.198,0.11,0.25,1113,1702,1614,0.6712907117008444
42,0.36,0.45,0.18,0.11,0.2,1136,1702,1683,0.6711964549483014
50,0.36,0.45,0.198,0.1,0.3,1125,1702,1651,0.6710408589322995
36,0.36,0.45,0.18,0.09,0.2,1144,1702,1710,0.6705744431418522
53,0.36,0.45,0.198,0.11,0.3,1119,1702,1636,0.6704613541042539
194,0.44,0.45,0.162,0.1,0.3,1112,1702,1616,0.6702833031946954
171,0.44,0.405,0.18,0.09,0.2,1117,1702,1632,0.6700659868026395
191,0.44,0.45,0.162,0.09,0.3,1117,1702,1633,0.6698650674662668
185,0.44,0.405,0.198,0.1,0.3,1098,1702,1577,0.6697163769441903
197,0.44,0.45,0.162,0.11,0.3,1106,1702,1601,0.669694217378141
111,0.4,0.45,0.162,0.1,0.2,1133,1702,1684,0.6692262256349675
188,0.44,0.405,0.198,0.11,0.3,1092,1702,1562,0.6691176470588235
102,0.4,0.405,0.198,0.1,0.2,1117,1702,1637,0.6690625935908956
100,0.4,0.405,0.198,0.09,0.25,1118,1702,1640,0.6690604428485938
47,0.36,0.45,0.198,0.09,0.3,1127,1702,1667,0.6690412585336896
121,0.4,0.45,0.18,0.1,0.25,1119,1702,1644,0.6688583383144053
62,0.36,0.495,0.162,0.11,0.3,1134,1702,1689,0.668829253907402
59,0.36,0.495,0.162,0.1,0.3,1139,1702,1704,0.6688197298884322
56,0.36,0.495,0.162,0.09,0.3,1144,1702,1721,0.668419515045282
71,0.36,0.495,0.18,0.11,0.3,1122,1702,1657,0.6680559690384041
68,0.36,0.495,0.18,0.1,0.3,1127,1702,1672,0.6680497925311203
114,0.4,0.45,0.162,0.11,0.2,1128,1702,1675,0.6680485638140361
108,0.4,0.45,0.162,0.09,0.2,1137,1702,1702,0.6680376028202115
105,0.4,0.405,0.198,0.11,0.2,1112,1702,1628,0.6678678678678678
65,0.36,0.495,0.18,0.09,0.3,1131,1702,1689,0.6670598643468003
124,0.4,0.45,0.18,0.11,0.25,1112,1702,1633,0.6668665667166417
118,0.4,0.45,0.18,0.09,0.25,1121,1702,1660,0.6668649613325403
203,0.44,0.45,0.18,0.1,0.3,1099,1702,1595,0.6666666666666666
206,0.44,0.45,0.18,0.11,0.3,1093,1702,1580,0.6660572821450335
49,0.36,0.45,0.198,0.1,0.25,1119,1702,1659,0.6658732520083308
182,0.44,0.405,0.198,0.09,0.3,1097,1702,1593,0.6658573596358118
193,0.44,0.45,0.162,0.1,0.25,1107,1702,1624,0.6656644618159951
184,0.44,0.405,0.198,0.1,0.25,1094,1702,1585,0.6656525707331914
200,0.44,0.45,0.18,0.09,0.3,1102,1702,1612,0.6650573325286663
190,0.44,0.45,0.162,0.09,0.25,1111,1702,1640,0.6648713345302214
99,0.4,0.405,0.198,0.09,0.2,1115,1702,1654,0.6644815256257449
52,0.36,0.45,0.198,0.11,0.25,1112,1702,1648,0.6638805970149254
140,0.4,0.495,0.162,0.1,0.3,1117,1702,1664,0.6636957813428401
143,0.4,0.495,0.162,0.11,0.3,1112,1702,1649,0.663682482840943
196,0.44,0.45,0.162,0.11,0.25,1100,1702,1613,0.6636500754147813
187,0.44,0.405,0.198,0.11,0.25,1087,1702,1574,0.6636141636141636
46,0.36,0.45,0.198,0.09,0.25,1120,1702,1674,0.6635071090047392
137,0.4,0.495,0.162,0.09,0.3,1122,1702,1681,0.6633165829145728
58,0.36,0.495,0.162,0.1,0.25,1132,1702,1712,0.6631517281780902
120,0.4,0.45,0.18,0.1,0.2,1113,1702,1656,0.6628945801072066
55,0.36,0.495,0.162,0.09,0.25,1136,1702,1728,0.6623906705539359
67,0.36,0.495,0.18,0.1,0.25,1120,1702,1680,0.6623299822590183
202,0.44,0.45,0.18,0.1,0.25,1094,1702,1603,0.6620272314674736
61,0.36,0.495,0.162,0.11,0.25,1126,1702,1701,0.6617690273288275
123,0.4,0.45,0.18,0.11,0.2,1108,1702,1647,0.6616900567333532
181,0.44,0.405,0.198,0.09,0.25,1092,1702,1600,0.6614173228346456
131,0.4,0.45,0.198,0.1,0.3,1097,1702,1617,0.6610424826755047
183,0.44,0.405,0.198,0.1,0.2,1090,1702,1596,0.661006670709521
64,0.36,0.495,0.18,0.09,0.25,1123,1702,1696,0.660977045320777
70,0.36,0.495,0.18,0.11,0.25,1114,1702,1669,0.6609314743399586
117,0.4,0.45,0.18,0.09,0.2,1115,1702,1674,0.6605450236966824
134,0.4,0.45,0.198,0.11,0.3,1091,1702,1602,0.660411622276029
199,0.44,0.45,0.18,0.09,0.25,1096,1702,1619,0.6600421559771154
205,0.44,0.45,0.18,0.11,0.25,1087,1702,1592,0.6599878567091682
192,0.44,0.45,0.162,0.1,0.2,1101,1702,1635,0.6598741384477075
186,0.44,0.405,0.198,0.11,0.2,1085,1702,1587,0.6597750076010945
48,0.36,0.45,0.198,0.1,0.2,1112,1702,1671,0.6593536910761932
149,0.4,0.495,0.18,0.1,0.3,1100,1702,1636,0.659077291791492
152,0.4,0.495,0.18,0.11,0.3,1095,1702,1621,0.659043033403551
189,0.44,0.45,0.162,0.09,0.2,1105,1702,1653,0.6587183308494783
195,0.44,0.45,0.162,0.11,0.2,1096,1702,1626,0.6586538461538461
139,0.4,0.495,0.162,0.1,0.25,1111,1702,1672,0.6585655008891523
77,0.36,0.495,0.198,0.1,0.3,1104,1702,1651,0.6585147628988965
80,0.36,0.495,0.198,0.11,0.3,1099,1702,1636,0.658478130617136
128,0.4,0.45,0.198,0.09,0.3,1098,1702,1633,0.6584707646176912
51,0.36,0.45,0.198,0.11,0.2,1107,1702,1662,0.6581450653983353
146,0.4,0.495,0.18,0.09,0.3,1104,1702,1653,0.6581222056631894
136,0.4,0.495,0.162,0.09,0.25,1115,1702,1688,0.6578171091445427
142,0.4,0.495,0.162,0.11,0.25,1105,1702,1661,0.6571513529586678
57,0.36,0.495,0.162,0.1,0.2,1125,1702,1724,0.6567425569176882
45,0.36,0.45,0.198,0.09,0.2,1113,1702,1688,0.656637168141593
74,0.36,0.495,0.198,0.09,0.3,1106,1702,1667,0.6565746512318196
130,0.4,0.45,0.198,0.1,0.25,1092,1702,1625,0.6564472497745717
180,0.44,0.405,0.198,0.09,0.2,1088,1702,1613,0.6564102564102564
60,0.36,0.495,0.162,0.11,0.2,1121,1702,1715,0.6561311091600821
54,0.36,0.495,0.162,0.09,0.2,1129,1702,1742,0.6556329849012775
201,0.44,0.45,0.18,0.1,0.2,1087,1702,1614,0.6556091676718938
66,0.36,0.495,0.18,0.1,0.2,1112,1702,1692,0.6552740129640542
221,0.44,0.495,0.162,0.1,0.3,1087,1702,1616,0.6552139843279083
224,0.44,0.495,0.162,0.11,0.3,1082,1702,1601,0.6551619739630639
218,0.44,0.495,0.162,0.09,0.3,1092,1702,1633,0.654872563718141
69,0.36,0.495,0.18,0.11,0.2,1108,1702,1683,0.6546528803545052
133,0.4,0.45,0.198,0.11,0.25,1085,1702,1614,0.6544028950542823
204,0.44,0.45,0.18,0.11,0.2,1082,1702,1605,0.6543695192016934
148,0.4,0.495,0.18,0.1,0.25,1094,1702,1644,0.6539151225343695
212,0.44,0.45,0.198,0.1,0.3,1072,1702,1577,0.6538578835010674
63,0.36,0.495,0.18,0.09,0.2,1115,1702,1710,0.6535756154747948
127,0.4,0.45,0.198,0.09,0.25,1092,1702,1640,0.6535008976660682
198,0.44,0.45,0.18,0.09,0.2,1089,1702,1632,0.6532693461307738
215,0.44,0.45,0.198,0.11,0.3,1066,1702,1562,0.6531862745098039
76,0.36,0.495,0.198,0.1,0.25,1097,1702,1659,0.6527819101457899
230,0.44,0.495,0.18,0.1,0.3,1076,1702,1595,0.6527145890203214
233,0.44,0.495,0.18,0.11,0.3,1071,1702,1580,0.6526508226691041
145,0.4,0.495,0.18,0.09,0.25,1097,1702,1660,0.652587745389649
151,0.4,0.495,0.18,0.11,0.25,1088,1702,1633,0.6524737631184407
138,0.4,0.495,0.162,0.1,0.2,1104,1702,1684,0.6520968694624926
227,0.44,0.495,0.18,0.09,0.3,1080,1702,1612,0.651780325890163
141,0.4,0.495,0.162,0.11,0.2,1100,1702,1675,0.6514657980456026
79,0.36,0.495,0.198,0.11,0.25,1091,1702,1648,0.6513432835820895
209,0.44,0.45,0.198,0.09,0.3,1073,1702,1593,0.6512898330804249
135,0.4,0.495,0.162,0.09,0.2,1108,1702,1702,0.6509988249118684
73,0.36,0.495,0.198,0.09,0.25,1098,1702,1674,0.6504739336492891
220,0.44,0.495,0.162,0.1,0.25,1081,1702,1624,0.6500300661455201
129,0.4,0.45,0.198,0.1,0.2,1085,1702,1637,0.649895178197065
158,0.4,0.495,0.198,0.1,0.3,1078,1702,1617,0.6495932509792105
161,0.4,0.495,0.198,0.11,0.3,1073,1702,1602,0.6495157384987893
217,0.44,0.495,0.162,0.09,0.25,1085,1702,1640,0.649311789347696
211,0.44,0.45,0.198,0.1,0.25,1067,1702,1585,0.6492242166108914
132,0.4,0.45,0.198,0.11,0.2,1080,1702,1628,0.6486486486486486
223,0.44,0.495,0.162,0.11,0.25,1075,1702,1613,0.6485671191553545
155,0.4,0.495,0.198,0.09,0.3,1080,1702,1633,0.6476761619190404
229,0.44,0.495,0.18,0.1,0.25,1070,1702,1603,0.6475037821482602
214,0.44,0.45,0.198,0.11,0.25,1060,1702,1574,0.6471306471306472
147,0.4,0.495,0.18,0.1,0.2,1086,1702,1656,0.6468135795116142
126,0.4,0.45,0.198,0.09,0.2,1085,1702,1654,0.6466030989272944
208,0.44,0.45,0.198,0.09,0.25,1067,1702,1600,0.646274984857662
226,0.44,0.495,0.18,0.09,0.25,1073,1702,1619,0.646190906353508
150,0.4,0.495,0.18,0.11,0.2,1082,1702,1647,0.6461630337414153
232,0.44,0.495,0.18,0.11,0.25,1064,1702,1592,0.6460230722525804
144,0.4,0.495,0.18,0.09,0.2,1089,1702,1674,0.6451421800947866
75,0.36,0.495,0.198,0.1,0.2,1088,1702,1671,0.64512303587311
78,0.36,0.495,0.198,0.11,0.2,1084,1702,1662,0.6444708680142688
157,0.4,0.495,0.198,0.1,0.25,1072,1702,1625,0.644424406372107
219,0.44,0.495,0.162,0.1,0.2,1074,1702,1635,0.643691938867246
222,0.44,0.495,0.162,0.11,0.2,1070,1702,1626,0.6430288461538461
160,0.4,0.495,0.198,0.11,0.25,1066,1702,1614,0.6429433051869723
239,0.44,0.495,0.198,0.1,0.3,1054,1702,1577,0.6428789265019823
242,0.44,0.495,0.198,0.11,0.3,1049,1702,1562,0.6427696078431373
216,0.44,0.495,0.162,0.09,0.2,1078,1702,1653,0.6426229508196721
72,0.36,0.495,0.198,0.09,0.2,1089,1702,1688,0.6424778761061947
210,0.44,0.45,0.198,0.1,0.2,1059,1702,1596,0.6422073984232868
154,0.4,0.495,0.198,0.09,0.25,1073,1702,1640,0.642130460801915
236,0.44,0.495,0.198,0.09,0.3,1056,1702,1593,0.6409711684370258
213,0.44,0.45,0.198,0.11,0.2,1054,1702,1587,0.6409242930982061
228,0.44,0.495,0.18,0.1,0.2,1062,1702,1614,0.6405307599517491
231,0.44,0.495,0.18,0.11,0.2,1058,1702,1605,0.639854853341397
207,0.44,0.45,0.198,0.09,0.2,1059,1702,1613,0.6389140271493213
225,0.44,0.495,0.18,0.09,0.2,1065,1702,1632,0.6388722255548889
238,0.44,0.495,0.198,0.1,0.25,1048,1702,1585,0.6376635229692729
156,0.4,0.495,0.198,0.1,0.2,1063,1702,1637,0.6367175801138065
241,0.44,0.495,0.198,0.11,0.25,1042,1702,1574,0.6361416361416361
159,0.4,0.495,0.198,0.11,0.2,1059,1702,1628,0.6360360360360361
235,0.44,0.495,0.198,0.09,0.25,1049,1702,1600,0.6353725015142339
153,0.4,0.495,0.198,0.09,0.2,1064,1702,1654,0.634088200238379
237,0.44,0.495,0.198,0.1,0.2,1039,1702,1596,0.6300788356579745
240,0.44,0.495,0.198,0.11,0.2,1035,1702,1587,0.6293706293706294
234,0.44,0.495,0.198,0.09,0.2,1040,1702,1613,0.6274509803921567
