onset_threshold,offset_threshold,min_sep,min_duration,ref_notes,est_notes,COnPOff_P,COnPOff_R,COnPOff_F,COnP_F,COn_F,Split,Merged,Spurious
0.4,0.45,0.18,0.1,1959,2043,0.67498776309349,0.7039305768249107,0.6891554222888555,0.8310844577711145,0.8640679660169915,0.15569167942827974,0.1720265441551812,0.08116385911179173
0.4,0.45,0.18,0.08,1959,2072,0.6698841698841699,0.7085247575293517,0.6886628628131977,0.8270900520962541,0.8588439593153064,0.15211842776927004,0.16743236345074017,0.09443593670239918
0.4,0.5,0.18,0.1,1959,2043,0.6740088105726872,0.7029096477794793,0.6881559220389806,0.8310844577711145,0.8640679660169915,0.16488004083716182,0.17968351199591628,0.08065339458907606
0.45,0.45,0.18,0.1,1959,2003,0.6804792810783824,0.6957631444614599,0.6880363452801614,0.8278647147905098,0.8637051993942453,0.14599285349668198,0.1720265441551812,0.07656967840735068
0.45,0.45,0.18,0.08,1959,2032,0.6751968503937008,0.700357325165901,0.6875469807065899,0.8238536707592082,0.858431470809321,0.1419091373149566,0.16743236345074017,0.08984175599795814
0.45,0.5,0.18,0.1,1959,2003,0.6799800299550673,0.6952526799387443,0.6875315497223624,0.8278647147905098,0.8637051993942453,0.15518121490556405,0.17866258295048495,0.07605921388463502
0.4,0.5,0.18,0.08,1959,2072,0.6684362934362934,0.7069933639612047,0.6871743984123045,0.8270900520962541,0.8588439593153064,0.16232771822358347,0.17508933129147525,0.09392547217968351
0.4,0.4,0.18,0.1,1959,2043,0.6725403817914831,0.7013782542113323,0.6866566716641679,0.8280859570214893,0.8640679660169915,0.15211842776927004,0.1725370086778969,0.08116385911179173
0.45,0.5,0.18,0.08,1959,2032,0.6742125984251969,0.6993363961204696,0.6865447256326735,0.8238536707592082,0.858431470809321,0.15211842776927004,0.1740684022460439,0.08933129147524248
0.4,0.4,0.18,0.08,1959,2072,0.6674710424710425,0.7059724349157733,0.6861820888117092,0.8241131232944681,0.8588439593153064,0.14854517611026033,0.16794282797345583,0.09443593670239918
0.4,0.35,0.18,0.1,1959,2043,0.6700930004894763,0.698825931597754,0.6841579210394803,0.8265867066466767,0.8640679660169915,0.15160796324655437,0.17457886676875958,0.08116385911179173
0.4,0.45,0.18,0.12,1959,2026,0.6727541954590326,0.6957631444614599,0.6840652446675032,0.8296110414052699,0.8637390213299875,0.15722307299642674,0.17508933129147525,0.07708014293006636
0.45,0.4,0.18,0.1,1959,2003,0.6764852720918622,0.6916794282797346,0.6839979808177687,0.8248359414437152,0.8637051993942453,0.14344053088310363,0.17304747320061256,0.07656967840735068
0.4,0.35,0.18,0.08,1959,2072,0.665057915057915,0.703420112302195,0.6837013148102208,0.8226246588935748,0.8588439593153064,0.14803471158754467,0.16998468606431852,0.09443593670239918
0.4,0.5,0.18,0.12,1959,2026,0.6722606120434353,0.6952526799387443,0.6835633626097868,0.8301129234629863,0.8637390213299875,0.1669218989280245,0.183256763654926,0.07656967840735068
0.45,0.4,0.18,0.08,1959,2032,0.6712598425196851,0.6962736089841756,0.6835379604109246,0.8203457780005011,0.858431470809321,0.13935681470137826,0.16845329249617153,0.08984175599795814
0.4,0.55,0.18,0.1,1959,2043,0.6691140479686735,0.6978050025523226,0.6831584207896052,0.8310844577711145,0.8640679660169915,0.17457886676875958,0.1883614088820827,0.08065339458907606
0.45,0.55,0.18,0.1,1959,2003,0.6754867698452321,0.6906584992343032,0.6829883897021706,0.8278647147905098,0.8637051993942453,0.16436957631444615,0.18683001531393567,0.07605921388463502
0.45,0.5,0.18,0.12,1959,1986,0.6782477341389728,0.6875957120980092,0.6828897338403042,0.8268694550063371,0.8633713561470215,0.15671260847371107,0.18172537008677897,0.07197549770290965
0.45,0.45,0.18,0.12,1959,1986,0.6782477341389728,0.6875957120980092,0.6828897338403042,0.826362484157161,0.8633713561470215,0.14701378254211334,0.17457886676875958,0.07248596222562532
0.4,0.45,0.2,0.1,1959,2010,0.6736318407960199,0.6911689637570189,0.6822877299067776,0.8259007306626354,0.8591584782060973,0.14650331801939764,0.17662072485962227,0.08014293006636039
0.4,0.55,0.18,0.08,1959,2072,0.6636100386100386,0.701888718734048,0.6822128504093278,0.8270900520962541,0.8588439593153064,0.17304747320061256,0.18478815722307299,0.09392547217968351
0.4,0.4,0.18,0.12,1959,2026,0.6707798617966436,0.6937212863705973,0.6820577164366374,0.827603513174404,0.8637390213299875,0.15313935681470137,0.17508933129147525,0.07708014293006636
0.45,0.55,0.18,0.08,1959,2032,0.6697834645669292,0.6947422154160285,0.6820345778000502,0.8238536707592082,0.858431470809321,0.16232771822358347,0.183256763654926,0.08933129147524248
0.45,0.35,0.18,0.1,1959,2003,0.6739890164752871,0.6891271056661562,0.6814740030287734,0.823321554770318,0.8637051993942453,0.14293006636038796,0.17508933129147525,0.07656967840735068
0.4,0.45,0.18,0.06,1959,2113,0.6564126833885471,0.708014293006636,0.681237721021611,0.818762278978389,0.8506876227897839,0.15160796324655437,0.16743236345074017,0.1153649821337417
0.5,0.45,0.18,0.1,1959,1955,0.681841432225064,0.6804492087799898,0.6811446090955545,0.8206438426162493,0.8589678078691875,0.13425216947422156,0.1740684022460439,0.07197549770290965
0.45,0.35,0.18,0.08,1959,2032,0.6687992125984252,0.6937212863705973,0.6810323227261338,0.8188423953896267,0.858431470809321,0.1388463501786626,0.1704951505870342,0.08984175599795814
0.4,0.4,0.2,0.1,1959,2010,0.6721393034825871,0.6896375701888718,0.6807760141093474,0.8223733938019652,0.8591584782060973,0.1439509954058193,0.1776416539050536,0.08014293006636039
0.5,0.45,0.18,0.08,1959,1984,0.6759072580645161,0.6845329249617151,0.6801927466396146,0.8161298503677402,0.8536647222926705,0.13067891781521185,0.16998468606431852,0.0852475752935171
0.5,0.5,0.18,0.1,1959,1955,0.6808184143222507,0.6794282797345584,0.6801226366888095,0.8201328564128769,0.8589678078691875,0.14241960183767227,0.17968351199591628,0.07146503318019398
0.45,0.45,0.18,0.06,1959,2073,0.6613603473227206,0.6998468606431854,0.6800595238095237,0.8154761904761904,0.8501984126984127,0.14139867279224094,0.16743236345074017,0.11077080142930067
0.4,0.35,0.18,0.12,1959,2026,0.6688055281342546,0.6916794282797346,0.6800501882057716,0.826599749058971,0.8637390213299875,0.1526288922919857,0.17713118938233793,0.07708014293006636
0.4,0.45,0.2,0.08,1959,2038,0.6668302257114819,0.6937212863705973,0.6800100075056292,0.820615461596197,0.8536402301726294,0.1439509954058193,0.1740684022460439,0.09341500765696784
0.4,0.5,0.2,0.1,1959,2010,0.6711442786069651,0.6886166411434406,0.6797682035777274,0.8264046359284455,0.8591584782060973,0.1562021439509954,0.18478815722307299,0.07963246554364471
0.4,0.5,0.18,0.06,1959,2113,0.6549929010884997,0.7064828994384891,0.6797642436149313,0.8182711198428292,0.8506876227897839,0.16232771822358347,0.17508933129147525,0.11434405308831036
0.45,0.4,0.18,0.12,1959,1986,0.67472306143001,0.6840224604389995,0.679340937896071,0.82382762991128,0.8633713561470215,0.1439509954058193,0.17508933129147525,0.07248596222562532
0.45,0.5,0.18,0.06,1959,2073,0.6603955619874577,0.698825931597754,0.6790674603174603,0.8149801587301588,0.8501984126984127,0.15211842776927004,0.1740684022460439,0.10974987238386932
0.4,0.55,0.18,0.12,1959,2026,0.6678183613030603,0.6906584992343032,0.6790464240903388,0.8301129234629863,0.8637390213299875,0.17713118938233793,0.19244512506380806,0.07656967840735068
0.45,0.55,0.18,0.12,1959,1986,0.6742195367573011,0.6835119959162839,0.6788339670468948,0.8268694550063371,0.8633713561470215,0.16641143440530884,0.19040326697294538,0.07197549770290965
0.4,0.4,0.18,0.06,1959,2113,0.6540463795551349,0.7054619703930577,0.6787819253438114,0.8158153241650294,0.8506876227897839,0.14803471158754467,0.16794282797345583,0.1153649821337417
0.5,0.5,0.18,0.08,1959,1984,0.6743951612903226,0.6830015313935681,0.6786710626426579,0.8156226223687547,0.8536647222926705,0.13986727922409392,0.1755997958141909,0.08473711077080143
0.4,0.4,0.2,0.08,1959,2038,0.6653581943081452,0.6921898928024502,0.6785088816612459,0.8171128346259695,0.8536402301726294,0.14139867279224094,0.17508933129147525,0.09341500765696784
0.45,0.6,0.18,0.1,1959,2003,0.670993509735397,0.6860643185298622,0.6784452296819787,0.8288743059061081,0.8637051993942453,0.18683001531393567,0.2062276671771312,0.07605921388463502
0.4,0.35,0.2,0.1,1959,2010,0.6696517412935323,0.6870852475752935,0.6782564877802973,0.8208616780045352,0.8591584782060973,0.14446145992853496,0.18019397651863195,0.08014293006636039
0.4,0.45,0.2,0.12,1959,1993,0.672353236327145,0.6840224604389995,0.6781376518218623,0.8259109311740891,0.8588056680161943,0.14803471158754467,0.17917304747320062,0.07605921388463502
0.45,0.45,0.2,0.1,1959,1972,0.6754563894523327,0.6799387442572741,0.6776901551767999,0.8211650979394556,0.8572882218265073,0.13782542113323124,0.1776416539050536,0.07656967840735068
0.45,0.35,0.18,0.12,1959,1986,0.6727089627391742,0.6819806023481368,0.6773130544993662,0.8228136882129277,0.8633713561470215,0.14344053088310363,0.17713118938233793,0.07248596222562532
0.4,0.6,0.18,0.1,1959,2043,0.6632403328438571,0.6916794282797346,0.6771614192903549,0.8315842078960519,0.8640679660169915,0.19806023481368046,0.20877998979070955,0.08065339458907606
0.4,0.4,0.2,0.12,1959,1993,0.6713497240341194,0.6830015313935681,0.6771255060728745,0.8233805668016194,0.8588056680161943,0.14497192445125065,0.17968351199591628,0.07605921388463502
0.5,0.55,0.18,0.1,1959,1955,0.6777493606138107,0.6763654925982644,0.6770567194685743,0.8201328564128769,0.8589678078691875,0.15109749872383868,0.18734047983665136,0.07146503318019398
0.45,0.6,0.18,0.08,1959,2032,0.6648622047244095,0.6896375701888718,0.6770233024304686,0.8243547982961664,0.858431470809321,0.18529862174578868,0.20316488004083716,0.08933129147524248
0.4,0.5,0.2,0.08,1959,2038,0.6638861629048086,0.6906584992343032,0.6770077558168627,0.8211158368776582,0.8536402301726294,0.1546707503828484,0.18223583460949463,0.09290454313425217
0.5,0.45,0.18,0.12,1959,1939,0.6802475502836514,0.6733027054619704,0.676757311441765,0.8193945613134942,0.8589020010261672,0.13476263399693722,0.17611026033690658,0.06789178152118427
0.4,0.35,0.18,0.06,1959,2113,0.6516800757217227,0.7029096477794793,0.6763261296660118,0.8143418467583499,0.8506876227897839,0.147524247064829,0.16998468606431852,0.1153649821337417
0.5,0.5,0.18,0.12,1959,1939,0.6797318205260443,0.6727922409392547,0.676244227809133,0.8193945613134942,0.8589020010261672,0.14344053088310363,0.18223583460949463,0.06738131699846861
0.4,0.5,0.2,0.12,1959,1993,0.6703462117410939,0.6819806023481368,0.6761133603238866,0.826417004048583,0.8588056680161943,0.15773353751914243,0.18734047983665136,0.07554874936191934
0.45,0.4,0.18,0.06,1959,2073,0.6575012059816691,0.6957631444614599,0.6760912698412699,0.8120039682539683,0.8501984126984127,0.1388463501786626,0.16845329249617153,0.11077080142930067
0.4,0.35,0.2,0.08,1959,2038,0.6629048086359176,0.6896375701888718,0.6760070052539405,0.8156117087815862,0.8536402301726294,0.1419091373149566,0.1776416539050536,0.09341500765696784
0.4,0.6,0.18,0.08,1959,2072,0.6573359073359073,0.6952526799387443,0.6757628380054578,0.8270900520962541,0.8588439593153064,0.1970393057682491,0.2057172026544155,0.09392547217968351
0.45,0.5,0.2,0.1,1959,1972,0.6734279918864098,0.6778968861664114,0.6756550496056984,0.821673874332231,0.8572882218265073,0.147524247064829,0.18478815722307299,0.07605921388463502
0.5,0.55,0.18,0.08,1959,1984,0.6713709677419355,0.6799387442572741,0.6756276946487447,0.8156226223687547,0.8536647222926705,0.1495661051556917,0.18427769270035732,0.08473711077080143
0.4,0.45,0.22,0.1,1959,1984,0.6713709677419355,0.6799387442572741,0.6756276946487447,0.8206949023586102,0.8546791782906416,0.1383358856559469,0.17917304747320062,0.08014293006636039
0.4,0.35,0.2,0.12,1959,1993,0.6698444555945811,0.6814701378254211,0.6756072874493927,0.8223684210526316,0.8588056680161943,0.14497192445125065,0.18172537008677897,0.07605921388463502
0.5,0.4,0.18,0.1,1959,1955,0.6762148337595908,0.6748340990301174,0.6755237608584568,0.8170669391926418,0.8589678078691875,0.13272077590607453,0.17662072485962227,0.07197549770290965
0.45,0.45,0.2,0.08,1959,2000,0.6685,0.6824910668708525,0.6754230866380398,0.815862591563526,0.8517302349078049,0.13527309851965288,0.17508933129147525,0.08984175599795814
0.4,0.55,0.18,0.06,1959,2113,0.6507335541883578,0.701888718734048,0.675343811394892,0.818762278978389,0.8506876227897839,0.17304747320061256,0.18478815722307299,0.11434405308831036
0.45,0.4,0.2,0.1,1959,1972,0.672920892494929,0.6773864216436958,0.675146273212923,0.817603663190028,0.8572882218265073,0.13578356304236855,0.17917304747320062,0.07656967840735068
0.45,0.55,0.18,0.06,1959,2073,0.6565364206464062,0.6947422154160285,0.6750992063492064,0.8154761904761904,0.8501984126984127,0.16232771822358347,0.183256763654926,0.10974987238386932
0.4,0.55,0.2,0.1,1959,2010,0.6661691542288557,0.6835119959162839,0.6747291509196272,0.8264046359284455,0.8591584782060973,0.16590096988259315,0.19346605410923942,0.07963246554364471
0.5,0.4,0.18,0.08,1959,1984,0.6703629032258065,0.6789178152118428,0.6746132386507736,0.812072026375856,0.8536647222926705,0.12914752424706483,0.1725370086778969,0.0852475752935171
0.45,0.6,0.18,0.12,1959,1986,0.6696878147029205,0.6789178152118428,0.6742712294043093,0.8278833967046896,0.8633713561470215,0.1883614088820827,0.20929045431342522,0.07197549770290965
0.4,0.4,0.22,0.1,1959,1984,0.6698588709677419,0.678407350689127,0.6741060106517879,0.8176515343646968,0.8546791782906416,0.13578356304236855,0.18019397651863195,0.08014293006636039
0.45,0.45,0.2,0.12,1959,1955,0.6746803069053708,0.6733027054619704,0.6739908022483393,0.8211548288196218,0.8569238630556976,0.1388463501786626,0.17968351199591628,0.07248596222562532
0.5,0.55,0.18,0.12,1959,1939,0.6771531717380093,0.6702399183256764,0.6736788096459723,0.8193945613134942,0.8589020010261672,0.1526288922919857,0.19040326697294538,0.06738131699846861
0.45,0.35,0.18,0.06,1959,2073,0.6550892426435119,0.6932108218478815,0.6736111111111112,0.8105158730158729,0.8501984126984127,0.1383358856559469,0.1704951505870342,0.11077080142930067
0.5,0.35,0.18,0.1,1959,1955,0.6741687979539642,0.6727922409392547,0.6734798160449668,0.8155339805825242,0.8589678078691875,0.13221031138335887,0.17815211842776926,0.07197549770290965
0.5,0.6,0.18,0.1,1959,1955,0.6741687979539642,0.6727922409392547,0.6734798160449668,0.8216658150229943,0.8589678078691875,0.17304747320061256,0.2057172026544155,0.07146503318019398
0.4,0.35,0.22,0.1,1959,1984,0.6688508064516129,0.6773864216436958,0.6730915546538169,0.8161298503677402,0.8546791782906416,0.13527309851965288,0.1812149055640633,0.08014293006636039
0.4,0.6,0.18,0.12,1959,2026,0.6618953603158934,0.6845329249617151,0.6730238393977415,0.8306148055207027,0.8637390213299875,0.20010209290454314,0.21235324144971923,0.07656967840735068
0.45,0.4,0.2,0.08,1959,2000,0.666,0.6799387442572741,0.6728971962616823,0.8118211669613539,0.8517302349078049,0.1332312404287902,0.17662072485962227,0.08984175599795814
0.45,0.5,0.2,0.08,1959,2000,0.666,0.6799387442572741,0.6728971962616823,0.8163677696387976,0.8517302349078049,0.14599285349668198,0.18223583460949463,0.08933129147524248
0.4,0.45,0.22,0.08,1959,2012,0.6640159045725647,0.6819806023481368,0.672878368169227,0.8159153865525056,0.8491563837824225,0.1368044920877999,0.1776416539050536,0.09341500765696784
0.5,0.45,0.18,0.06,1959,2025,0.6617283950617284,0.6840224604389995,0.672690763052209,0.8077309236947792,0.8453815261044177,0.13016845329249618,0.16998468606431852,0.10617662072485962
0.4,0.45,0.2,0.06,1959,2079,0.6531986531986532,0.6932108218478815,0.6726102030708272,0.8122833085685983,0.8454680534918276,0.14344053088310363,0.1740684022460439,0.11434405308831036
0.45,0.35,0.2,0.1,1959,1972,0.6703853955375254,0.6748340990301174,0.6726023912490461,0.8160773340117017,0.8572882218265073,0.13578356304236855,0.1812149055640633,0.07656967840735068
0.5,0.35,0.18,0.08,1959,1984,0.6683467741935484,0.6768759571209801,0.6725843266548314,0.8105503423788992,0.8536647222926705,0.12863705972434916,0.1740684022460439,0.0852475752935171
0.45,0.5,0.2,0.12,1959,1955,0.6731457800511509,0.6717713118938233,0.6724578436382217,0.8216658150229943,0.8569238630556976,0.14854517611026033,0.18683001531393567,0.07197549770290965
0.5,0.6,0.18,0.08,1959,1984,0.6678427419354839,0.6763654925982644,0.6720770986558459,0.8171443063657114,0.8536647222926705,0.17151607963246554,0.2026544155181215,0.08473711077080143
0.4,0.55,0.2,0.08,1959,2038,0.6589793915603532,0.6855538540071465,0.6720040030022516,0.8211158368776582,0.8536402301726294,0.16539050535987748,0.1919346605410924,0.09290454313425217
0.45,0.4,0.2,0.12,1959,1955,0.6726342710997443,0.6712608473711077,0.6719468574348493,0.8180889115993868,0.8569238630556976,0.1362940275650842,0.1807044410413476,0.07248596222562532
0.45,0.45,0.22,0.1,1959,1947,0.6738572162300975,0.6697294538029607,0.6717869943676396,0.8161802355350742,0.8530465949820789,0.1296579887697805,0.18019397651863195,0.07656967840735068
0.5,0.5,0.18,0.06,1959,2025,0.6607407407407407,0.6830015313935681,0.6716867469879517,0.8072289156626506,0.8453815261044177,0.13986727922409392,0.1755997958141909,0.10515569167942827
0.5,0.4,0.18,0.12,1959,1939,0.6750902527075813,0.6681980602348137,0.6716264751154438,0.8163160595177015,0.8589020010261672,0.13272077590607453,0.17815211842776926,0.06789178152118427
0.4,0.55,0.2,0.12,1959,1993,0.6658304064224787,0.6773864216436958,0.6715587044534412,0.826417004048583,0.8588056680161943,0.16794282797345583,0.19652884124553344,0.07554874936191934
0.4,0.45,0.22,0.12,1959,1967,0.6700559227249618,0.6727922409392547,0.6714212939378503,0.8211920529801324,0.8543046357615893,0.13935681470137826,0.18172537008677897,0.07605921388463502
0.4,0.4,0.22,0.08,1959,2012,0.6625248508946322,0.6804492087799898,0.6713674137496852,0.8128934777134224,0.8491563837824225,0.13425216947422156,0.17866258295048495,0.09341500765696784
0.4,0.4,0.2,0.06,1959,2079,0.6517556517556518,0.6916794282797346,0.6711243189697871,0.8088162456661714,0.8454680534918276,0.14037774374680959,0.17457886676875958,0.11434405308831036
0.45,0.55,0.2,0.1,1959,1972,0.6688640973630832,0.6733027054619704,0.6710760620707199,0.821673874332231,0.8572882218265073,0.15671260847371107,0.19295558958652373,0.07605921388463502
0.4,0.5,0.22,0.1,1959,1984,0.6668346774193549,0.6753445635528331,0.6710626426578747,0.8206949023586102,0.8546791782906416,0.15058703420112302,0.1883614088820827,0.07963246554364471
0.45,0.35,0.2,0.08,1959,2000,0.6635,0.6773864216436958,0.6703713058853246,0.8103056327355393,0.8517302349078049,0.1332312404287902,0.17866258295048495,0.08984175599795814
0.4,0.35,0.22,0.08,1959,2012,0.661530815109344,0.6794282797345584,0.6703601108033241,0.8113825232938806,0.8491563837824225,0.13374170495150586,0.17968351199591628,0.09341500765696784
0.45,0.6,0.18,0.06,1959,2073,0.6517124939700917,0.6896375701888718,0.670138888888889,0.816468253968254,0.8501984126984127,0.18529862174578868,0.20316488004083716,0.10974987238386932
0.5,0.6,0.18,0.12,1959,1939,0.6735430634347602,0.6666666666666666,0.6700872242175475,0.8209338122113905,0.8589020010261672,0.1740684022460439,0.2082695252679939,0.06738131699846861
0.5,0.35,0.18,0.12,1959,1939,0.6735430634347602,0.6666666666666666,0.6700872242175475,0.8152898922524371,0.8589020010261672,0.13221031138335887,0.17968351199591628,0.06789178152118427
0.45,0.35,0.2,0.12,1959,1955,0.6705882352941176,0.669218989280245,0.6699029126213593,0.8170669391926418,0.8569238630556976,0.1362940275650842,0.1827462991322103,0.07248596222562532
0.4,0.35,0.22,0.12,1959,1967,0.668530757498729,0.6712608473711077,0.6698930208863983,0.8176260825267447,0.8543046357615893,0.13578356304236855,0.183256763654926,0.07605921388463502
0.4,0.4,0.22,0.12,1959,1967,0.668530757498729,0.6712608473711077,0.6698930208863983,0.8186449312277126,0.8543046357615893,0.1368044920877999,0.1827462991322103,0.07605921388463502
0.4,0.5,0.2,0.06,1959,2079,0.6503126503126503,0.6901480347115876,0.6696384348687469,0.8122833085685983,0.8454680534918276,0.1546707503828484,0.18223583460949463,0.11332312404287902
0.5,0.45,0.2,0.1,1959,1931,0.6742620403935785,0.664624808575804,0.6694087403598972,0.8123393316195373,0.8529562982005142,0.1296579887697805,0.1807044410413476,0.07197549770290965
0.45,0.4,0.22,0.1,1959,1947,0.6712891628145865,0.6671771311893824,0.6692268305171531,0.8131080389144906,0.8530465949820789,0.1276161306789178,0.18172537008677897,0.07656967840735068
0.4,0.6,0.2,0.1,1959,2010,0.6606965174129353,0.6778968861664114,0.6691861929957168,0.8274124464600655,0.8591584782060973,0.18989280245022971,0.21286370597243492,0.07963246554364471
0.4,0.6,0.18,0.06,1959,2113,0.644581164221486,0.6952526799387443,0.668958742632613,0.8192534381139489,0.8506876227897839,0.1970393057682491,0.2057172026544155,0.11434405308831036
0.45,0.35,0.22,0.1,1959,1947,0.6707755521314843,0.6666666666666666,0.6687147977470558,0.8115719406041988,0.8530465949820789,0.12659520163348648,0.18223583460949463,0.07656967840735068
0.5,0.55,0.18,0.06,1959,2025,0.6577777777777778,0.6799387442572741,0.6686746987951807,0.8072289156626506,0.8453815261044177,0.1495661051556917,0.18427769270035732,0.10515569167942827
0.4,0.35,0.2,0.06,1959,2079,0.6493506493506493,0.6891271056661562,0.6686478454680534,0.8073303615651313,0.8454680534918276,0.14088820826952528,0.17713118938233793,0.11434405308831036
0.45,0.45,0.22,0.08,1959,1975,0.6658227848101266,0.6712608473711077,0.668530757498729,0.8108795119471276,0.8474834773767158,0.12914752424706483,0.17917304747320062,0.08984175599795814
0.45,0.55,0.2,0.12,1959,1955,0.6690537084398976,0.667687595712098,0.6683699540112417,0.8216658150229943,0.8569238630556976,0.1582440020418581,0.19550791220010208,0.07197549770290965
0.45,0.55,0.2,0.08,1959,2000,0.6615,0.6753445635528331,0.6683505935842385,0.8163677696387976,0.8517302349078049,0.1562021439509954,0.19142419601837674,0.08933129147524248
0.4,0.5,0.22,0.08,1959,2012,0.6595427435387674,0.6773864216436958,0.6683455049106019,0.8164190380256863,0.8491563837824225,0.14854517611026033,0.18580908626850434,0.09290454313425217
0.45,0.45,0.22,0.12,1959,1930,0.6730569948186529,0.663093415007657,0.6680380560555413,0.8166623810748266,0.8526613525327847,0.13016845329249618,0.18223583460949463,0.07248596222562532
0.45,0.45,0.2,0.06,1959,2041,0.6545810877021068,0.6819806023481368,0.6679999999999999,0.8075,0.8434999999999999,0.13476263399693722,0.17508933129147525,0.11077080142930067
0.45,0.5,0.22,0.1,1959,1947,0.66974833076528,0.6656457376212354,0.6676907322068613,0.8161802355350742,0.8530465949820789,0.1419091373149566,0.1883614088820827,0.07605921388463502
0.45,0.6,0.2,0.1,1959,1972,0.665314401622718,0.6697294538029607,0.6675146273212923,0.8237089799033325,0.8572882218265073,0.17968351199591628,0.2113323124042879,0.07605921388463502
0.5,0.45,0.2,0.08,1959,1959,0.6671771311893824,0.6671771311893824,0.6671771311893824,0.8070444104134763,0.8473711077080143,0.12710566615620214,0.17815211842776926,0.0852475752935171
0.5,0.4,0.18,0.06,1959,2025,0.6562962962962963,0.678407350689127,0.6671686746987951,0.803714859437751,0.8453815261044177,0.12863705972434916,0.1725370086778969,0.10617662072485962
0.55,0.45,0.18,0.1,1959,1910,0.675392670157068,0.6584992343032159,0.6668389764797105,0.8084776428017575,0.8534505040062033,0.12302194997447677,0.17815211842776926,0.06993363961204696
0.5,0.5,0.2,0.1,1959,1931,0.6716727084412222,0.6620724859622257,0.6668380462724935,0.8123393316195373,0.8529562982005142,0.1383358856559469,0.18683001531393567,0.07146503318019398
0.4,0.5,0.22,0.12,1959,1967,0.6654804270462633,0.6681980602348137,0.6668364747834946,0.8206826286296485,0.8543046357615893,0.15109749872383868,0.19040326697294538,0.07554874936191934
0.4,0.6,0.2,0.08,1959,2038,0.6535819430814525,0.6799387442572741,0.6664998749061797,0.8221165874405806,0.8536402301726294,0.18938233792751405,0.2113323124042879,0.09290454313425217
0.5,0.4,0.2,0.1,1959,1931,0.6711548420507509,0.6615620214395099,0.6663239074550129,0.8087403598971722,0.8529562982005142,0.1281265952016335,0.1827462991322103,0.07197549770290965
0.4,0.6,0.2,0.12,1959,1993,0.6603110888108379,0.6717713118938233,0.6659919028340081,0.8274291497975709,0.8588056680161943,0.19142419601837674,0.21541602858601328,0.07554874936191934
0.45,0.4,0.22,0.08,1959,1975,0.6632911392405063,0.6687085247575294,0.6659888154550075,0.8073207930859176,0.8474834773767158,0.12710566615620214,0.1807044410413476,0.08984175599795814
0.5,0.45,0.2,0.12,1959,1915,0.6736292428198434,0.6584992343032159,0.6659783169850284,0.8125967991739804,0.8528652555498194,0.13067891781521185,0.1827462991322103,0.06789178152118427
0.55,0.5,0.18,0.1,1959,1910,0.6743455497382199,0.6574783052577846,0.6658051176014473,0.807960713362626,0.8534505040062033,0.1311893823379275,0.183256763654926,0.0694231750893313
0.45,0.4,0.2,0.06,1959,2041,0.6521313081822636,0.6794282797345584,0.6655,0.8035000000000001,0.8434999999999999,0.13221031138335887,0.17611026033690658,0.11077080142930067
0.45,0.5,0.2,0.06,1959,2041,0.6521313081822636,0.6794282797345584,0.6655,0.8075,0.8434999999999999,0.14599285349668198,0.18223583460949463,0.10974987238386932
0.45,0.35,0.22,0.08,1959,1975,0.6627848101265823,0.6681980602348137,0.6654804270462634,0.8057956278596848,0.8474834773767158,0.1260847371107708,0.1812149055640633,0.08984175599795814
0.55,0.45,0.18,0.08,1959,1939,0.6689014956162971,0.6620724859622257,0.6654694715238585,0.8040020523345306,0.8481272447408928,0.11944869831546708,0.1740684022460439,0.08320571720265442
0.45,0.4,0.22,0.12,1959,1930,0.6704663212435233,0.6605410923940787,0.6654667009514014,0.8135767549498585,0.8526613525327847,0.1281265952016335,0.18376722817764166,0.07248596222562532
0.45,0.35,0.22,0.12,1959,1930,0.6704663212435233,0.6605410923940787,0.6654667009514014,0.8125482129082026,0.8526613525327847,0.12710566615620214,0.18427769270035732,0.07248596222562532
0.4,0.55,0.2,0.06,1959,2079,0.645983645983646,0.6855538540071465,0.6651807825656265,0.8127786032689449,0.8454680534918276,0.16539050535987748,0.1919346605410924,0.11332312404287902
0.5,0.6,0.18,0.06,1959,2025,0.654320987654321,0.6763654925982644,0.6651606425702812,0.8092369477911646,0.8453815261044177,0.17151607963246554,0.2026544155181215,0.10515569167942827
0.5,0.35,0.18,0.06,1959,2025,0.654320987654321,0.6763654925982644,0.6651606425702812,0.8022088353413653,0.8453815261044177,0.1281265952016335,0.1740684022460439,0.10617662072485962
0.4,0.45,0.22,0.06,1959,2053,0.6497808085728203,0.6809596733027055,0.6650049850448654,0.8070787637088733,0.8409770687936192,0.1362940275650842,0.1776416539050536,0.11434405308831036
0.4,0.55,0.22,0.1,1959,1984,0.6607862903225806,0.669218989280245,0.6649759066700481,0.8206949023586102,0.8546791782906416,0.16028586013272078,0.1970393057682491,0.07963246554364471
0.45,0.6,0.2,0.08,1959,2000,0.658,0.6717713118938233,0.6648143470573378,0.8183884819398838,0.8517302349078049,0.17917304747320062,0.20980091883614088,0.08933129147524248
0.45,0.6,0.2,0.12,1959,1955,0.6654731457800511,0.6641143440530883,0.6647930505876342,0.8237097598364844,0.8569238630556976,0.1807044410413476,0.2133741704951506,0.07197549770290965
0.45,0.5,0.22,0.08,1959,1975,0.6617721518987342,0.6671771311893824,0.6644636502287747,0.8113879003558718,0.8474834773767158,0.14088820826952528,0.18631955079122,0.08933129147524248
0.5,0.5,0.2,0.08,1959,1959,0.6641143440530883,0.6641143440530883,0.6641143440530883,0.8070444104134763,0.8473711077080143,0.1368044920877999,0.18427769270035732,0.08473711077080143
0.5,0.4,0.2,0.08,1959,1959,0.6641143440530883,0.6641143440530883,0.6641143440530883,0.8029606942317509,0.8473711077080143,0.12557427258805512,0.18019397651863195,0.0852475752935171
0.55,0.5,0.18,0.08,1959,1939,0.667354306343476,0.6605410923940787,0.663930220625962,0.8034889687018983,0.8481272447408928,0.12863705972434916,0.17968351199591628,0.08269525267993874
0.45,0.5,0.22,0.12,1959,1930,0.6689119170984456,0.6590096988259316,0.6639238878889174,0.8161481100539985,0.8526613525327847,0.1419091373149566,0.18989280245022971,0.07197549770290965
0.5,0.5,0.2,0.12,1959,1915,0.6715404699738904,0.6564573762123532,0.6639132679401136,0.8125967991739804,0.8528652555498194,0.13935681470137826,0.18887187340479836,0.06738131699846861
0.55,0.45,0.18,0.12,1959,1894,0.6752903907074974,0.6528841245533435,0.6638982610952505,0.8082014015053205,0.8533610173890475,0.12200102092904543,0.17866258295048495,0.06584992343032159
0.5,0.55,0.2,0.1,1959,1931,0.6685655100983946,0.6590096988259316,0.6637532133676093,0.8123393316195373,0.8529562982005142,0.14701378254211334,0.19448698315467075,0.07146503318019398
0.5,0.35,0.2,0.1,1959,1931,0.6685655100983946,0.6590096988259316,0.6637532133676093,0.8071979434447301,0.8529562982005142,0.1281265952016335,0.18478815722307299,0.07197549770290965
0.5,0.45,0.22,0.1,1959,1908,0.6724318658280922,0.6549259826442062,0.6635634859063874,0.808378588052754,0.8487199379363848,0.1225114854517611,0.18376722817764166,0.07197549770290965
0.4,0.4,0.22,0.06,1959,2053,0.648319532391622,0.6794282797345584,0.6635094715852442,0.8040877367896311,0.8409770687936192,0.13374170495150586,0.17866258295048495,0.11434405308831036
0.5,0.4,0.2,0.12,1959,1915,0.6710182767624021,0.6559469116896376,0.6633970056788849,0.8094992256066083,0.8528652555498194,0.12863705972434916,0.18427769270035732,0.06789178152118427
0.55,0.5,0.18,0.12,1959,1894,0.6747624076029567,0.6523736600306279,0.6633791850506099,0.8082014015053205,0.8533610173890475,0.13067891781521185,0.18427769270035732,0.06533945890760592
0.45,0.35,0.2,0.06,1959,2041,0.6496815286624203,0.6768759571209801,0.663,0.802,0.8434999999999999,0.13221031138335887,0.17815211842776926,0.11077080142930067
0.4,0.45,0.24,0.1,1959,1946,0.6649537512846866,0.6605410923940787,0.6627400768245839,0.8071702944942382,0.8460947503201025,0.12659520163348648,0.18172537008677897,0.08014293006636039
0.55,0.55,0.18,0.1,1959,1910,0.6712041884816754,0.6544155181214906,0.6627035409666581,0.8074437839234946,0.8534505040062033,0.1383358856559469,0.19040326697294538,0.0694231750893313
0.4,0.35,0.22,0.06,1959,2053,0.6473453482708232,0.678407350689127,0.6625124626121635,0.80259222333001,0.8409770687936192,0.1332312404287902,0.17968351199591628,0.11434405308831036
0.4,0.55,0.22,0.08,1959,2012,0.6535785288270378,0.6712608473711077,0.6623016872324352,0.8159153865525056,0.8491563837824225,0.15926493108728942,0.19499744767738642,0.09290454313425217
0.4,0.55,0.22,0.12,1959,1967,0.6603965429588206,0.663093415007657,0.6617422312786551,0.8206826286296485,0.8543046357615893,0.16028586013272078,0.19857069933639612,0.07554874936191934
0.4,0.4,0.24,0.1,1959,1946,0.6639260020554985,0.6595201633486473,0.6617157490396928,0.8051216389244558,0.8460947503201025,0.12455334354262379,0.1827462991322103,0.08014293006636039
0.5,0.35,0.2,0.08,1959,1959,0.6615620214395099,0.6615620214395099,0.6615620214395099,0.8014293006636037,0.8473711077080143,0.12557427258805512,0.18223583460949463,0.0852475752935171
0.45,0.55,0.22,0.1,1959,1947,0.6635850025680534,0.6595201633486473,0.6615463389656938,0.8161802355350742,0.8530465949820789,0.15211842776927004,0.1970393057682491,0.07605921388463502
0.45,0.55,0.2,0.06,1959,2041,0.6482116609505144,0.6753445635528331,0.6615000000000001,0.808,0.8434999999999999,0.1562021439509954,0.19142419601837674,0.10974987238386932
0.5,0.55,0.2,0.12,1959,1915,0.6689295039164491,0.6539050535987749,0.6613319566339702,0.8125967991739804,0.8528652555498194,0.14854517611026033,0.1970393057682491,0.06738131699846861
0.5,0.35,0.2,0.12,1959,1915,0.6689295039164491,0.6539050535987749,0.6613319566339702,0.8084667010841508,0.8528652555498194,0.12863705972434916,0.18631955079122,0.06789178152118427
0.4,0.35,0.24,0.1,1959,1946,0.6634121274409044,0.6590096988259316,0.661203585147247,0.8040973111395647,0.8460947503201025,0.1225114854517611,0.1827462991322103,0.08014293006636039
0.5,0.6,0.2,0.1,1959,1931,0.6659761781460383,0.6564573762123532,0.6611825192802057,0.8149100257069409,0.8529562982005142,0.1689637570188872,0.21184277692700357,0.07146503318019398
0.55,0.4,0.18,0.1,1959,1910,0.6696335078534031,0.6528841245533435,0.6611527526492634,0.8053760661669682,0.8534505040062033,0.12200102092904543,0.1807044410413476,0.06993363961204696
0.5,0.55,0.2,0.08,1959,1959,0.6610515569167943,0.6610515569167943,0.6610515569167943,0.8070444104134763,0.8473711077080143,0.14650331801939764,0.19295558958652373,0.08473711077080143
0.4,0.5,0.22,0.06,1959,2053,0.645884072089625,0.6768759571209801,0.6610169491525423,0.8075772681954138,0.8409770687936192,0.14854517611026033,0.18580908626850434,0.11332312404287902
0.55,0.55,0.18,0.08,1959,1939,0.6642599277978339,0.6574783052577846,0.6608517188301692,0.8029758850692664,0.8481272447408928,0.1368044920877999,0.18785094435936703,0.08269525267993874
0.55,0.55,0.18,0.12,1959,1894,0.6721224920802534,0.6498213374170495,0.6607838048274072,0.8076823254606801,0.8533610173890475,0.13782542113323124,0.19142419601837674,0.06533945890760592
0.45,0.45,0.22,0.06,1959,2016,0.6512896825396826,0.6702399183256764,0.6606289308176101,0.8020125786163521,0.8392452830188679,0.12863705972434916,0.17917304747320062,0.11077080142930067
0.5,0.4,0.22,0.1,1959,1908,0.6692872117400419,0.6518631955079122,0.6604603051461081,0.8052754072924747,0.8487199379363848,0.12098009188361408,0.18580908626850434,0.07197549770290965
0.5,0.45,0.22,0.08,1959,1936,0.6642561983471075,0.6564573762123532,0.6603337612323491,0.8030808729139923,0.8431322207958921,0.12200102092904543,0.1827462991322103,0.0852475752935171
0.55,0.6,0.18,0.1,1959,1910,0.668586387434555,0.6518631955079122,0.6601188937710003,0.8095115016800206,0.8534505040062033,0.16028586013272078,0.20724859622256253,0.0694231750893313
0.5,0.45,0.22,0.12,1959,1892,0.6717758985200846,0.6488004083716181,0.6600882887561672,0.8091404829914308,0.8486107504544275,0.12302194997447677,0.18580908626850434,0.06789178152118427
0.5,0.35,0.22,0.1,1959,1908,0.6687631027253669,0.6513527309851965,0.6599431083527282,0.8037238169123352,0.8487199379363848,0.11995916283818274,0.18631955079122,0.07197549770290965
0.4,0.6,0.22,0.1,1959,1984,0.6557459677419355,0.6641143440530883,0.6599036266801928,0.8227238143545523,0.8546791782906416,0.1827462991322103,0.2149055640632976,0.07963246554364471
0.55,0.4,0.18,0.08,1959,1939,0.6632284682826199,0.6564573762123532,0.6598255515649051,0.8004104669061055,0.8481272447408928,0.11842776927003573,0.17662072485962227,0.08320571720265442
0.5,0.45,0.2,0.06,1959,2000,0.653,0.6666666666666666,0.6597625663046225,0.7986865370042942,0.8391007830260168,0.12659520163348648,0.17815211842776926,0.10617662072485962
0.4,0.6,0.2,0.06,1959,2079,0.6406926406926406,0.6799387442572741,0.6597325408618128,0.8142644873699851,0.8454680534918276,0.18938233792751405,0.2113323124042879,0.11332312404287902
0.4,0.45,0.24,0.08,1959,1974,0.6570415400202634,0.6620724859622257,0.6595474192728198,0.8019323671497585,0.8405797101449276,0.1260847371107708,0.1807044410413476,0.09341500765696784
0.5,0.5,0.22,0.1,1959,1908,0.6682389937106918,0.6508422664624809,0.6594259115593484,0.8078613912593741,0.8487199379363848,0.13374170495150586,0.19091373149566104,0.07146503318019398
0.55,0.45,0.2,0.1,1959,1884,0.6725053078556263,0.6467585502807555,0.6593806921675773,0.8045797553994275,0.8498568826437679,0.11740684022460439,0.18529862174578868,0.06993363961204696
0.55,0.35,0.18,0.1,1959,1910,0.6675392670157068,0.6508422664624809,0.6590850348927372,0.8038252778495735,0.8534505040062033,0.12149055640632976,0.18223583460949463,0.06993363961204696
0.45,0.55,0.22,0.12,1959,1930,0.6637305699481866,0.6539050535987749,0.6587811776806377,0.8161481100539985,0.8526613525327847,0.15160796324655437,0.19806023481368046,0.07197549770290965
0.4,0.45,0.24,0.12,1959,1930,0.6637305699481866,0.6539050535987749,0.6587811776806377,0.807405502699923,0.8459758292620211,0.12863705972434916,0.18427769270035732,0.07605921388463502
0.5,0.6,0.2,0.12,1959,1915,0.6663185378590079,0.6513527309851965,0.6587506453278265,0.8151781104801239,0.8528652555498194,0.16998468606431852,0.21388463501786625,0.06738131699846861
0.4,0.4,0.24,0.08,1959,1974,0.6560283687943262,0.6610515569167943,0.6585303839308416,0.7998982964658022,0.8405797101449276,0.12404287901990811,0.18172537008677897,0.09341500765696784
0.5,0.6,0.2,0.08,1959,1959,0.6584992343032159,0.6584992343032159,0.6584992343032159,0.8095967330270546,0.8473711077080143,0.16845329249617153,0.21031138335885655,0.08473711077080143
0.45,0.6,0.22,0.1,1959,1947,0.6605033384694402,0.6564573762123532,0.65847414234511,0.819252432155658,0.8530465949820789,0.17304747320061256,0.2133741704951506,0.07605921388463502
0.45,0.55,0.22,0.08,1959,1975,0.6556962025316456,0.6610515569167943,0.6583629893238434,0.8108795119471276,0.8474834773767158,0.15160796324655437,0.19550791220010208,0.08933129147524248
0.55,0.6,0.18,0.08,1959,1939,0.6616812790097989,0.6549259826442062,0.6582863006670088,0.8050282195997948,0.8481272447408928,0.15875446656457376,0.20469627360898418,0.08269525267993874
0.55,0.4,0.18,0.12,1959,1894,0.6694825765575502,0.6472690148034712,0.6581884246042045,0.8050869452374773,0.8533610173890475,0.12098009188361408,0.1812149055640633,0.06584992343032159
0.55,0.6,0.18,0.12,1959,1894,0.6694825765575502,0.6472690148034712,0.6581884246042045,0.8097586296392422,0.8533610173890475,0.15977539561000512,0.2082695252679939,0.06533945890760592
0.45,0.4,0.22,0.06,1959,2016,0.6488095238095238,0.667687595712098,0.6581132075471698,0.7984905660377359,0.8392452830188679,0.12659520163348648,0.1807044410413476,0.11077080142930067
0.55,0.45,0.18,0.06,1959,1980,0.6545454545454545,0.6615620214395099,0.6580350342726581,0.7956334094947956,0.8398070576288398,0.11893823379275141,0.1740684022460439,0.10413476263399694
0.4,0.35,0.24,0.08,1959,1974,0.6555217831813577,0.6605410923940787,0.6580218662598526,0.7988812611238241,0.8405797101449276,0.12200102092904543,0.18172537008677897,0.09341500765696784
0.45,0.6,0.2,0.06,1959,2041,0.6447819696227339,0.6717713118938233,0.658,0.8105,0.8434999999999999,0.17917304747320062,0.20980091883614088,0.10974987238386932
0.45,0.45,0.24,0.1,1959,1911,0.6661433804290947,0.6498213374170495,0.6578811369509044,0.8036175710594315,0.8454780361757106,0.11944869831546708,0.18376722817764166,0.07656967840735068
0.55,0.35,0.18,0.08,1959,1939,0.6611655492521918,0.6544155181214906,0.6577732170343765,0.7988712160082093,0.8481272447408928,0.11791730474732007,0.17815211842776926,0.08320571720265442
0.4,0.4,0.24,0.12,1959,1930,0.6626943005181347,0.6528841245533435,0.6577526356389817,0.8053484186166111,0.8459758292620211,0.12659520163348648,0.18529862174578868,0.07605921388463502
0.4,0.35,0.24,0.12,1959,1930,0.6626943005181347,0.6528841245533435,0.6577526356389817,0.804834147595783,0.8459758292620211,0.12455334354262379,0.18529862174578868,0.07605921388463502
0.45,0.35,0.22,0.06,1959,2016,0.6483134920634921,0.6671771311893824,0.6576100628930818,0.7969811320754718,0.8392452830188679,0.12557427258805512,0.1812149055640633,0.11077080142930067
0.4,0.6,0.22,0.08,1959,2012,0.6486083499005965,0.666156202143951,0.6572651725006295,0.8179299924452279,0.8491563837824225,0.18172537008677897,0.21286370597243492,0.09290454313425217
0.5,0.4,0.22,0.08,1959,1936,0.6611570247933884,0.6533945890760592,0.6572528883183569,0.7994865211810014,0.8431322207958921,0.12046962736089842,0.18478815722307299,0.0852475752935171
0.5,0.5,0.2,0.06,1959,2000,0.6505,0.6641143440530883,0.6572366759282646,0.7986865370042942,0.8391007830260168,0.1368044920877999,0.18427769270035732,0.10515569167942827
0.45,0.5,0.22,0.06,1959,2016,0.6478174603174603,0.6666666666666666,0.6571069182389937,0.8025157232704402,0.8392452830188679,0.14088820826952528,0.18631955079122,0.10974987238386932
0.4,0.5,0.24,0.1,1959,1946,0.6593011305241521,0.6549259826442062,0.6571062740076824,0.8071702944942382,0.8460947503201025,0.1388463501786626,0.19040326697294538,0.07963246554364471
0.55,0.5,0.18,0.06,1959,1980,0.6535353535353535,0.6605410923940787,0.657019548108657,0.7951256664127951,0.8398070576288398,0.12863705972434916,0.17968351199591628,0.1031138335885656
0.5,0.4,0.22,0.12,1959,1892,0.6686046511627907,0.6457376212353242,0.6569722150090885,0.8060244092443521,0.8486107504544275,0.12149055640632976,0.18785094435936703,0.06789178152118427
0.5,0.35,0.22,0.12,1959,1892,0.6686046511627907,0.6457376212353242,0.6569722150090885,0.8049857179953259,0.8486107504544275,0.12046962736089842,0.1883614088820827,0.06789178152118427
0.55,0.45,0.2,0.12,1959,1868,0.6729122055674518,0.6416539050535988,0.6569114188659524,0.8048079435589235,0.8497517637836426,0.11689637570188872,0.18580908626850434,0.06584992343032159
0.55,0.5,0.2,0.1,1959,1884,0.6698513800424628,0.6442062276671772,0.6567785584179027,0.8035389018995577,0.8498568826437679,0.12557427258805512,0.19040326697294538,0.0694231750893313
0.5,0.35,0.22,0.08,1959,1936,0.6606404958677686,0.6528841245533435,0.6567394094993582,0.7979460847240051,0.8431322207958921,0.11944869831546708,0.18529862174578868,0.0852475752935171
0.5,0.4,0.2,0.06,1959,2000,0.65,0.6636038795303726,0.6567314978529931,0.7946451124021217,0.8391007830260168,0.12455334354262379,0.17968351199591628,0.10617662072485962
0.55,0.45,0.2,0.08,1959,1912,0.6647489539748954,0.6488004083716181,0.6566778610178249,0.7992766726943943,0.8442262981141824,0.11485451761102604,0.1827462991322103,0.08320571720265442
0.4,0.6,0.22,0.12,1959,1967,0.6553126588713777,0.6579887697805002,0.6566479877738155,0.8227203260315844,0.8543046357615893,0.1827462991322103,0.2164369576314446,0.07554874936191934
0.55,0.35,0.18,0.12,1959,1894,0.6678986272439282,0.6457376212353242,0.6566311964702829,0.8040487931481962,0.8533610173890475,0.12046962736089842,0.1827462991322103,0.06584992343032159
0.55,0.4,0.2,0.1,1959,1884,0.6693205944798302,0.6436957631444614,0.6562581316679676,0.8014571948998178,0.8498568826437679,0.11638591117917305,0.18734047983665136,0.06993363961204696
0.5,0.5,0.22,0.08,1959,1936,0.6601239669421488,0.6523736600306279,0.6562259306803594,0.8030808729139923,0.8431322207958921,0.13272077590607453,0.18887187340479836,0.08473711077080143
0.5,0.5,0.22,0.12,1959,1892,0.6675475687103594,0.6447166921898928,0.6559335237600623,0.8081017917424046,0.8486107504544275,0.13374170495150586,0.19244512506380806,0.06738131699846861
0.45,0.4,0.24,0.1,1959,1911,0.6640502354788069,0.6477794793261868,0.6558139534883721,0.8010335917312661,0.8454780361757106,0.11740684022460439,0.18529862174578868,0.07656967840735068
0.45,0.6,0.22,0.12,1959,1930,0.6606217616580311,0.6508422664624809,0.6556955515556698,0.8192337361789663,0.8526613525327847,0.1725370086778969,0.21439509954058192,0.07197549770290965
0.4,0.55,0.22,0.06,1959,2053,0.6405260594252313,0.6712608473711077,0.6555333998005982,0.8075772681954138,0.8409770687936192,0.15926493108728942,0.19499744767738642,0.11332312404287902
0.45,0.6,0.22,0.08,1959,1975,0.6526582278481012,0.6579887697805002,0.6553126588713778,0.8139298423995933,0.8474834773767158,0.1725370086778969,0.21184277692700357,0.08933129147524248
0.45,0.35,0.24,0.1,1959,1911,0.663526949241235,0.6472690148034712,0.655297157622739,0.7999999999999999,0.8454780361757106,0.11587544665645738,0.18529862174578868,0.07656967840735068
0.45,0.45,0.24,0.12,1959,1895,0.6659630606860159,0.6442062276671772,0.6549039958484691,0.8043591074208614,0.845355474831344,0.11995916283818274,0.18529862174578868,0.07248596222562532
0.55,0.5,0.2,0.12,1959,1868,0.6707708779443254,0.6396120469627361,0.6548210086229422,0.8042853409981708,0.8497517637836426,0.12557427258805512,0.19142419601837674,0.06533945890760592
0.5,0.55,0.22,0.1,1959,1908,0.6635220125786163,0.6462480857580398,0.6547711404189295,0.8078613912593741,0.8487199379363848,0.14344053088310363,0.1990811638591118,0.07146503318019398
0.45,0.45,0.24,0.08,1959,1939,0.6580711707065497,0.6513527309851965,0.6546947152385838,0.7983581323755773,0.8399179066187789,0.11893823379275141,0.1827462991322103,0.08984175599795814
0.5,0.55,0.2,0.06,1959,2000,0.6475,0.6610515569167943,0.6542056074766356,0.7986865370042942,0.8391007830260168,0.14650331801939764,0.19295558958652373,0.10515569167942827
0.5,0.35,0.2,0.06,1959,2000,0.6475,0.6610515569167943,0.6542056074766356,0.7931295781763071,0.8391007830260168,0.12455334354262379,0.18172537008677897,0.10617662072485962
0.55,0.55,0.18,0.06,1959,1980,0.6505050505050505,0.6574783052577846,0.6539730896166539,0.7946179233307947,0.8398070576288398,0.1368044920877999,0.18785094435936703,0.1031138335885656
0.4,0.5,0.24,0.08,1959,1974,0.6514690982776089,0.6564573762123532,0.65395372489194,0.8024408848207476,0.8405797101449276,0.13782542113323124,0.1883614088820827,0.09290454313425217
0.55,0.4,0.2,0.12,1959,1868,0.6697002141327623,0.6385911179173047,0.653775803501437,0.801672328194408,0.8497517637836426,0.11587544665645738,0.18785094435936703,0.06584992343032159
0.55,0.35,0.2,0.1,1959,1884,0.6666666666666666,0.6411434405308831,0.653655997918293,0.799895914650013,0.8498568826437679,0.11638591117917305,0.18938233792751405,0.06993363961204696
0.55,0.55,0.2,0.1,1959,1884,0.6666666666666666,0.6411434405308831,0.653655997918293,0.8030184751496227,0.8498568826437679,0.13272077590607453,0.19754977029096477,0.0694231750893313
0.55,0.5,0.2,0.08,1959,1912,0.6616108786610879,0.6457376212353242,0.653577886850943,0.7982433479721003,0.8442262981141824,0.12404287901990811,0.1883614088820827,0.08269525267993874
0.55,0.4,0.2,0.08,1959,1912,0.6616108786610879,0.6457376212353242,0.653577886850943,0.7956600361663653,0.8442262981141824,0.1138335885655947,0.18478815722307299,0.08320571720265442
0.55,0.45,0.22,0.1,1959,1865,0.6697050938337802,0.6375701888718734,0.6532426778242677,0.7996861924686194,0.8451882845188284,0.11179173047473201,0.18785094435936703,0.06993363961204696
0.45,0.5,0.24,0.1,1959,1911,0.6614338042909471,0.6452271567126084,0.6532299741602067,0.8036175710594315,0.8454780361757106,0.1311893823379275,0.19091373149566104,0.07605921388463502
0.4,0.5,0.24,0.12,1959,1930,0.6580310880829016,0.6482899438489025,0.65312419645153,0.8068912316790949,0.8459758292620211,0.14037774374680959,0.19244512506380806,0.07554874936191934
0.5,0.45,0.22,0.06,1959,1977,0.6499747091552858,0.6559469116896376,0.6529471544715447,0.7947154471544716,0.8348577235772359,0.12149055640632976,0.1827462991322103,0.10617662072485962
0.45,0.35,0.24,0.12,1959,1895,0.6638522427440633,0.6421643695763144,0.6528282304099636,0.8012454592631032,0.845355474831344,0.11638591117917305,0.18683001531393567,0.07248596222562532
0.45,0.4,0.24,0.12,1959,1895,0.6638522427440633,0.6421643695763144,0.6528282304099636,0.8017644006227297,0.845355474831344,0.11791730474732007,0.18683001531393567,0.07248596222562532
0.5,0.6,0.22,0.1,1959,1908,0.6614255765199162,0.6442062276671772,0.6527023532454099,0.8114817688130334,0.8487199379363848,0.1633486472690148,0.21439509954058192,0.07146503318019398
0.45,0.4,0.24,0.08,1959,1939,0.6560082516761218,0.6493108728943339,0.6526423807080555,0.7952796305797846,0.8399179066187789,0.11689637570188872,0.18427769270035732,0.08984175599795814
0.55,0.4,0.18,0.06,1959,1980,0.648989898989899,0.6559469116896376,0.6524498603706526,0.7920792079207921,0.8398070576288398,0.11791730474732007,0.17662072485962227,0.10413476263399694
0.5,0.55,0.22,0.12,1959,1892,0.6638477801268499,0.6411434405308831,0.6522981043884706,0.8081017917424046,0.8486107504544275,0.14293006636038796,0.20010209290454314,0.06738131699846861
0.4,0.45,0.24,0.06,1959,2015,0.6431761786600496,0.6615620214395099,0.6522395571212883,0.7936587820835429,0.8324106693507801,0.12557427258805512,0.1807044410413476,0.11434405308831036
0.55,0.55,0.2,0.12,1959,1868,0.6680942184154176,0.6370597243491577,0.6522079958191795,0.8037627384374182,0.8497517637836426,0.13272077590607453,0.19857069933639612,0.06533945890760592
0.45,0.35,0.24,0.08,1959,1939,0.6554925219185147,0.6488004083716181,0.6521292970754233,0.7942534633145203,0.8399179066187789,0.1153649821337417,0.18427769270035732,0.08984175599795814
0.55,0.6,0.2,0.1,1959,1884,0.6650743099787686,0.6396120469627361,0.6520947176684883,0.8061410356492325,0.8498568826437679,0.15416028586013272,0.2133741704951506,0.0694231750893313
0.55,0.35,0.2,0.12,1959,1868,0.667558886509636,0.6365492598264421,0.651685393258427,0.800627123072903,0.8497517637836426,0.11587544665645738,0.18989280245022971,0.06584992343032159
0.5,0.6,0.2,0.06,1959,2000,0.645,0.6584992343032159,0.6516797171002778,0.8017176054559232,0.8391007830260168,0.16845329249617153,0.21031138335885655,0.10515569167942827
0.5,0.55,0.22,0.08,1959,1936,0.6554752066115702,0.6477794793261868,0.6516046213093709,0.8025673940949936,0.8431322207958921,0.14293006636038796,0.19754977029096477,0.08473711077080143
0.45,0.55,0.22,0.06,1959,2016,0.6423611111111112,0.6610515569167943,0.6515723270440252,0.8025157232704402,0.8392452830188679,0.15160796324655437,0.19550791220010208,0.10974987238386932
0.55,0.6,0.18,0.06,1959,1980,0.647979797979798,0.6549259826442062,0.6514343742066515,0.7971566387407971,0.8398070576288398,0.15875446656457376,0.20469627360898418,0.1031138335885656
0.4,0.4,0.24,0.06,1959,2015,0.6421836228287842,0.6605410923940787,0.6512330145948667,0.7916456970306994,0.8324106693507801,0.12353241449719245,0.18172537008677897,0.11434405308831036
0.55,0.35,0.2,0.08,1959,1912,0.6589958158995816,0.6431852986217458,0.6509945750452079,0.7941100490829243,0.8442262981141824,0.1138335885655947,0.18683001531393567,0.08320571720265442
0.4,0.35,0.24,0.06,1959,2015,0.6416873449131514,0.6600306278713629,0.6507297433316557,0.7906391545042779,0.8324106693507801,0.12149055640632976,0.18172537008677897,0.11434405308831036
0.55,0.6,0.2,0.12,1959,1868,0.6664882226980728,0.6355283307810107,0.6506401881369218,0.8068983538019335,0.8497517637836426,0.15416028586013272,0.21439509954058192,0.06533945890760592
0.4,0.6,0.22,0.06,1959,2053,0.6356551388212373,0.666156202143951,0.6505483549351945,0.8100697906281157,0.8409770687936192,0.18172537008677897,0.21286370597243492,0.11332312404287902
0.55,0.55,0.2,0.08,1959,1912,0.6584728033472803,0.6426748340990301,0.650477912684061,0.7977266856109533,0.8442262981141824,0.13221031138335887,0.19652884124553344,0.08269525267993874
0.4,0.55,0.24,0.1,1959,1946,0.6526207605344296,0.6482899438489025,0.6504481434058899,0.8071702944942382,0.8460947503201025,0.15007656967840735,0.20010209290454314,0.07963246554364471
0.55,0.35,0.18,0.06,1959,1980,0.646969696969697,0.6539050535987749,0.6504188880426505,0.7905559786747907,0.8398070576288398,0.11740684022460439,0.17815211842776926,0.10413476263399694
0.45,0.5,0.24,0.12,1959,1895,0.6612137203166227,0.6396120469627361,0.650233523611832,0.8038401660612351,0.845355474831344,0.1311893823379275,0.1919346605410924,0.07197549770290965
0.5,0.6,0.22,0.12,1959,1892,0.6617336152219874,0.6391015824400205,0.6502207218904181,0.8117372111139964,0.8486107504544275,0.16283818274629913,0.21541602858601328,0.06738131699846861
0.55,0.45,0.22,0.12,1959,1849,0.6695511087074094,0.631955079122001,0.6502100840336134,0.7998949579831933,0.845063025210084,0.11128126595201633,0.18887187340479836,0.06584992343032159
0.45,0.5,0.24,0.08,1959,1939,0.6534296028880866,0.6467585502807555,0.6500769625448949,0.7988712160082093,0.8399179066187789,0.13016845329249618,0.18887187340479836,0.08933129147524248
0.5,0.4,0.22,0.06,1959,1977,0.6469398077895802,0.6528841245533435,0.6498983739837398,0.7911585365853658,0.8348577235772359,0.11995916283818274,0.18478815722307299,0.10617662072485962
0.5,0.45,0.24,0.1,1959,1876,0.664179104477612,0.6360387953037264,0.6498044328552804,0.7958279009126467,0.8411994784876141,0.1138335885655947,0.18683001531393567,0.07197549770290965
0.55,0.5,0.22,0.1,1959,1865,0.6659517426273458,0.6339969372128637,0.649581589958159,0.7986401673640168,0.8451882845188284,0.12200102092904543,0.19346605410923942,0.0694231750893313
0.5,0.6,0.22,0.08,1959,1936,0.6534090909090909,0.6457376212353242,0.6495507060333762,0.8061617458279846,0.8431322207958921,0.16283818274629913,0.21286370597243492,0.08473711077080143
0.55,0.45,0.22,0.08,1959,1893,0.6608557844690967,0.6385911179173047,0.6495327102803738,0.7943925233644861,0.839563862928349,0.11128126595201633,0.18683001531393567,0.08320571720265442
0.5,0.5,0.22,0.06,1959,1977,0.6464339908952959,0.6523736600306279,0.6493902439024389,0.7947154471544716,0.8348577235772359,0.13272077590607453,0.18887187340479836,0.10515569167942827
0.5,0.35,0.22,0.06,1959,1977,0.6464339908952959,0.6523736600306279,0.6493902439024389,0.7896341463414634,0.8348577235772359,0.11893823379275141,0.18529862174578868,0.10617662072485962
0.55,0.45,0.2,0.06,1959,1953,0.6502816180235536,0.6482899438489025,0.6492842535787321,0.7908997955010224,0.8358895705521472,0.11434405308831036,0.1827462991322103,0.10413476263399694
0.55,0.4,0.22,0.1,1959,1865,0.6654155495978552,0.633486472690148,0.6490585774058577,0.7965481171548117,0.8451882845188284,0.11128126595201633,0.19091373149566104,0.06993363961204696
0.55,0.6,0.2,0.08,1959,1912,0.6569037656903766,0.6411434405308831,0.6489279256006201,0.8008266597778351,0.8442262981141824,0.15364982133741706,0.21235324144971923,0.08269525267993874
0.45,0.6,0.22,0.06,1959,2016,0.6393849206349206,0.6579887697805002,0.6485534591194968,0.8060377358490566,0.8392452830188679,0.1725370086778969,0.21184277692700357,0.10974987238386932
0.55,0.35,0.22,0.1,1959,1865,0.6648793565683646,0.6329760081674324,0.6485355648535565,0.7949790794979079,0.8451882845188284,0.11026033690658499,0.19142419601837674,0.06993363961204696
0.4,0.55,0.24,0.12,1959,1930,0.6523316062176165,0.6426748340990301,0.6474672152224223,0.8068912316790949,0.8459758292620211,0.15058703420112302,0.20163348647269014,0.07554874936191934
0.45,0.45,0.24,0.06,1959,1980,0.6439393939393939,0.6508422664624809,0.6473724295506473,0.79004823559279,0.8316831683168316,0.11842776927003573,0.1827462991322103,0.11077080142930067
0.4,0.55,0.24,0.08,1959,1974,0.6448834853090172,0.6498213374170495,0.6473429951690821,0.8019323671497585,0.8405797101449276,0.1495661051556917,0.19857069933639612,0.09290454313425217
0.4,0.5,0.24,0.06,1959,2015,0.6382133995037221,0.6564573762123532,0.6472068444891798,0.7941620533467539,0.8324106693507801,0.13782542113323124,0.1883614088820827,0.11332312404287902
0.5,0.4,0.24,0.1,1959,1876,0.6615138592750534,0.633486472690148,0.6471968709256845,0.7932203389830509,0.8411994784876141,0.11230219499744767,0.18887187340479836,0.07197549770290965
0.5,0.45,0.24,0.12,1959,1861,0.6641590542718968,0.6309341500765697,0.6471204188481675,0.7968586387434555,0.8413612565445026,0.11434405308831036,0.1883614088820827,0.06789178152118427
0.55,0.5,0.2,0.06,1959,1953,0.647721454173067,0.6457376212353242,0.6467280163599182,0.789877300613497,0.8358895705521472,0.12404287901990811,0.1883614088820827,0.1031138335885656
0.5,0.35,0.24,0.1,1959,1876,0.6609808102345416,0.6329760081674324,0.6466753585397654,0.7921773142112125,0.8411994784876141,0.11077080142930067,0.18887187340479836,0.07197549770290965
0.5,0.45,0.24,0.08,1959,1904,0.6559873949579832,0.6375701888718734,0.6466476831478125,0.7905772715506083,0.83561998446803,0.11332312404287902,0.18580908626850434,0.0852475752935171
0.55,0.5,0.22,0.12,1959,1849,0.6657652785289345,0.6283818274629913,0.6465336134453781,0.798844537815126,0.845063025210084,0.12149055640632976,0.19448698315467075,0.06533945890760592
0.45,0.55,0.24,0.1,1959,1911,0.6546310832025117,0.6385911179173047,0.6465116279069767,0.8036175710594315,0.8454780361757106,0.14241960183767227,0.2006125574272588,0.07605921388463502
0.4,0.6,0.24,0.1,1959,1946,0.6485097636176773,0.6442062276671772,0.6463508322663253,0.8092189500640206,0.8460947503201025,0.17100561510974988,0.2149055640632976,0.07963246554364471
0.55,0.4,0.2,0.06,1959,1953,0.6472094214029698,0.6452271567126084,0.6462167689161554,0.7873210633946829,0.8358895705521472,0.11281265952016335,0.18427769270035732,0.10413476263399694
0.55,0.4,0.22,0.12,1959,1849,0.6652244456462953,0.6278713629402757,0.6460084033613445,0.7967436974789917,0.845063025210084,0.11077080142930067,0.1919346605410924,0.06584992343032159
0.55,0.35,0.22,0.12,1959,1849,0.6652244456462953,0.6278713629402757,0.6460084033613445,0.7956932773109242,0.845063025210084,0.10974987238386932,0.19244512506380806,0.06584992343032159
0.55,0.5,0.22,0.08,1959,1893,0.6571579503433703,0.635017866258295,0.6458982346832814,0.7938733125649012,0.839563862928349,0.12098009188361408,0.1919346605410924,0.08269525267993874
0.55,0.4,0.22,0.08,1959,1893,0.6566296883254094,0.6345074017355794,0.6453790238836967,0.7907580477673936,0.839563862928349,0.11077080142930067,0.18989280245022971,0.08320571720265442
0.45,0.4,0.24,0.06,1959,1980,0.6419191919191919,0.6488004083716181,0.6453414572226452,0.787001777100787,0.8316831683168316,0.11638591117917305,0.18427769270035732,0.11077080142930067
0.5,0.5,0.24,0.1,1959,1876,0.6593816631130064,0.6314446145992854,0.6451108213820078,0.7953063885267276,0.8411994784876141,0.12455334354262379,0.19295558958652373,0.07146503318019398
0.55,0.55,0.22,0.1,1959,1865,0.6611260053619303,0.6294027565084227,0.6448744769874477,0.7981171548117155,0.8451882845188284,0.1296579887697805,0.2006125574272588,0.0694231750893313
0.55,0.35,0.22,0.08,1959,1893,0.6561014263074485,0.6339969372128637,0.6448598130841121,0.7892004153686396,0.839563862928349,0.10974987238386932,0.19040326697294538,0.08320571720265442
0.45,0.35,0.24,0.06,1959,1980,0.6414141414141414,0.6482899438489025,0.6448337141406448,0.7859862909367861,0.8316831683168316,0.11485451761102604,0.18427769270035732,0.11077080142930067
0.5,0.55,0.22,0.06,1959,1977,0.6418816388467374,0.6477794793261868,0.6448170731707317,0.7942073170731707,0.8348577235772359,0.14293006636038796,0.19754977029096477,0.10515569167942827
0.45,0.55,0.24,0.12,1959,1895,0.6554089709762533,0.6339969372128637,0.6445251686559419,0.8038401660612351,0.845355474831344,0.1419091373149566,0.20112302194997447,0.07197549770290965
0.5,0.4,0.24,0.12,1959,1861,0.661472326706072,0.6283818274629913,0.6445026178010471,0.7942408376963351,0.8413612565445026,0.11281265952016335,0.19040326697294538,0.06789178152118427
0.5,0.35,0.24,0.12,1959,1861,0.661472326706072,0.6283818274629913,0.6445026178010471,0.7937172774869109,0.8413612565445026,0.11128126595201633,0.19040326697294538,0.06789178152118427
0.5,0.4,0.24,0.08,1959,1904,0.6533613445378151,0.635017866258295,0.6440590214858918,0.7874708775563034,0.83561998446803,0.11179173047473201,0.18785094435936703,0.0852475752935171
0.55,0.55,0.2,0.06,1959,1953,0.6446492575524834,0.6426748340990301,0.6436605316973416,0.7893660531697342,0.8358895705521472,0.13221031138335887,0.19652884124553344,0.1031138335885656
0.55,0.35,0.2,0.06,1959,1953,0.6446492575524834,0.6426748340990301,0.6436605316973416,0.7857873210633946,0.8358895705521472,0.11281265952016335,0.18631955079122,0.10413476263399694
0.5,0.35,0.24,0.08,1959,1904,0.6528361344537815,0.6345074017355794,0.6435412891535077,0.7864354128915351,0.83561998446803,0.11026033690658499,0.18785094435936703,0.0852475752935171
0.45,0.6,0.24,0.1,1959,1911,0.6514913657770801,0.6355283307810107,0.6434108527131783,0.8062015503875969,0.8454780361757106,0.1618172537008678,0.21439509954058192,0.07605921388463502
0.45,0.55,0.24,0.08,1959,1939,0.6467251160391955,0.6401225114854517,0.6434068753206773,0.7983581323755773,0.8399179066187789,0.1419091373149566,0.1990811638591118,0.08933129147524248
0.4,0.6,0.24,0.12,1959,1930,0.6481865284974093,0.6385911179173047,0.6433530470557984,0.8089483157624068,0.8459758292620211,0.17151607963246554,0.2164369576314446,0.07554874936191934
0.45,0.5,0.24,0.06,1959,1980,0.6398989898989899,0.6467585502807555,0.6433104848946433,0.7905559786747907,0.8316831683168316,0.13016845329249618,0.18887187340479836,0.10974987238386932
0.55,0.6,0.22,0.1,1959,1865,0.6595174262734584,0.6278713629402757,0.6433054393305438,0.8017782426778242,0.8451882845188284,0.1495661051556917,0.21541602858601328,0.0694231750893313
0.4,0.6,0.24,0.08,1959,1974,0.6408308004052685,0.6457376212353242,0.6432748538011697,0.8039664378337148,0.8405797101449276,0.1704951505870342,0.2133741704951506,0.09290454313425217
0.55,0.55,0.22,0.12,1959,1849,0.6619794483504597,0.6248085758039816,0.6428571428571429,0.7983193277310925,0.845063025210084,0.12863705972434916,0.20112302194997447,0.06533945890760592
0.5,0.6,0.22,0.06,1959,1977,0.6398583712696004,0.6457376212353242,0.6427845528455285,0.7982723577235772,0.8348577235772359,0.16283818274629913,0.21286370597243492,0.10515569167942827
0.5,0.5,0.24,0.12,1959,1861,0.6593229446534121,0.6263399693721287,0.6424083769633507,0.7958115183246073,0.8413612565445026,0.12455334354262379,0.19397651863195509,0.06738131699846861
0.55,0.45,0.22,0.06,1959,1934,0.6463288521199586,0.6380806533945891,0.6421782686873876,0.7860262008733624,0.8312355509889545,0.11077080142930067,0.18683001531393567,0.10413476263399694
0.55,0.6,0.2,0.06,1959,1953,0.6431131592421915,0.6411434405308831,0.6421267893660532,0.7929447852760736,0.8358895705521472,0.15364982133741706,0.21235324144971923,0.1031138335885656
0.5,0.5,0.24,0.08,1959,1904,0.6512605042016807,0.6329760081674324,0.6419880921563552,0.7905772715506083,0.83561998446803,0.12353241449719245,0.19091373149566104,0.08473711077080143
0.45,0.6,0.24,0.12,1959,1895,0.6522427440633245,0.6309341500765697,0.6414115204981837,0.806434872859367,0.845355474831344,0.1613067891781521,0.2149055640632976,0.07197549770290965
0.55,0.6,0.22,0.12,1959,1849,0.6603569497025419,0.6232771822358346,0.6412815126050421,0.8019957983193278,0.845063025210084,0.14854517611026033,0.21592649310872894,0.06533945890760592
0.55,0.55,0.22,0.08,1959,1893,0.6524035921817222,0.630423685553854,0.6412253374870198,0.7928348909657321,0.839563862928349,0.12914752424706483,0.19959162838182745,0.08269525267993874
0.4,0.55,0.24,0.06,1959,2015,0.6317617866004963,0.6498213374170495,0.6406643180674383,0.7936587820835429,0.8324106693507801,0.1495661051556917,0.19857069933639612,0.11332312404287902
0.45,0.6,0.24,0.08,1959,1939,0.6436307374935534,0.6370597243491577,0.6403283735248846,0.8009235505387379,0.8399179066187789,0.1613067891781521,0.21286370597243492,0.08933129147524248
0.55,0.45,0.24,0.1,1959,1835,0.6615803814713896,0.6197039305768249,0.63995782814971,0.7865050079072219,0.8371112282551397,0.10413476263399694,0.18938233792751405,0.06993363961204696
0.5,0.55,0.24,0.1,1959,1876,0.6540511727078892,0.6263399693721287,0.6398956975228162,0.7953063885267276,0.8411994784876141,0.13527309851965288,0.20214395099540583,0.07146503318019398
0.55,0.6,0.22,0.08,1959,1893,0.6508188061278394,0.628892291985707,0.6396677050882658,0.7964693665628246,0.839563862928349,0.14905564063297602,0.21439509954058192,0.08269525267993874
0.5,0.45,0.24,0.06,1959,1945,0.6416452442159383,0.6370597243491577,0.6393442622950819,0.7822745901639345,0.8273565573770492,0.11281265952016335,0.18580908626850434,0.10617662072485962
0.55,0.5,0.22,0.06,1959,1934,0.6432264736297828,0.635017866258295,0.6390958129976881,0.7855124582584126,0.8312355509889545,0.12098009188361408,0.1919346605410924,0.1031138335885656
0.5,0.55,0.24,0.12,1959,1861,0.6550241805480924,0.6222562531904032,0.6382198952879582,0.7958115183246073,0.8413612565445026,0.13476263399693722,0.2026544155181215,0.06738131699846861
0.55,0.4,0.22,0.06,1959,1934,0.6421923474663909,0.6339969372128637,0.6380683277677884,0.7824300025687131,0.8312355509889545,0.11026033690658499,0.18989280245022971,0.10413476263399694
0.5,0.6,0.24,0.1,1959,1876,0.6519189765458422,0.624298111281266,0.6378096479791395,0.7984354628422426,0.8411994784876141,0.15364982133741706,0.2149055640632976,0.07146503318019398
0.55,0.35,0.22,0.06,1959,1934,0.6416752843846949,0.633486472690148,0.6375545851528384,0.7808887747238634,0.8312355509889545,0.10923940786115365,0.19040326697294538,0.10413476263399694
0.55,0.45,0.24,0.12,1959,1820,0.6615384615384615,0.6145992853496682,0.6372056099497221,0.7869806827202964,0.8372585340037046,0.10413476263399694,0.19040326697294538,0.06584992343032159
0.5,0.55,0.24,0.08,1959,1904,0.6460084033613446,0.6278713629402757,0.6368107688325135,0.7900595392182242,0.83561998446803,0.13476263399693722,0.2006125574272588,0.08473711077080143
0.5,0.4,0.24,0.06,1959,1945,0.6390745501285348,0.6345074017355794,0.6367827868852459,0.7792008196721312,0.8273565573770492,0.11128126595201633,0.18785094435936703,0.10617662072485962
0.45,0.55,0.24,0.06,1959,1980,0.6333333333333333,0.6401225114854517,0.6367098248286368,0.79004823559279,0.8316831683168316,0.1419091373149566,0.1990811638591118,0.10974987238386932
0.4,0.6,0.24,0.06,1959,2015,0.6277915632754343,0.6457376212353242,0.6366381479617513,0.7961751383995973,0.8324106693507801,0.1704951505870342,0.2133741704951506,0.11332312404287902
0.4,0.45,0.26,0.1,1959,1890,0.6481481481481481,0.6253190403266973,0.6365289685632631,0.7861782281111978,0.8324240062353857,0.1153649821337417,0.19244512506380806,0.07912200102092905
0.4,0.35,0.26,0.1,1959,1890,0.6481481481481481,0.6253190403266973,0.6365289685632631,0.7846193816575734,0.8324240062353857,0.11230219499744767,0.19346605410923942,0.07912200102092905
0.55,0.45,0.24,0.08,1959,1863,0.652710681696189,0.6207248596222562,0.6363160648874934,0.781266352694924,0.8315018315018314,0.10362429811128127,0.1883614088820827,0.08320571720265442
0.5,0.35,0.24,0.06,1959,1945,0.638560411311054,0.6339969372128637,0.6362704918032787,0.7781762295081968,0.8273565573770492,0.10974987238386932,0.18785094435936703,0.10617662072485962
0.55,0.4,0.24,0.1,1959,1835,0.6577656675749319,0.6161306789178153,0.6362677912493412,0.7838692672641012,0.8371112282551397,0.10362429811128127,0.19244512506380806,0.06993363961204696
0.5,0.6,0.24,0.12,1959,1861,0.6528747984954326,0.6202143950995406,0.6361256544502618,0.7989528795811519,0.8413612565445026,0.15313935681470137,0.21541602858601328,0.06738131699846861
0.4,0.4,0.26,0.1,1959,1890,0.6476190476190476,0.6248085758039816,0.6360093530787218,0.7851389971421149,0.8324240062353857,0.1138335885655947,0.19346605410923942,0.07912200102092905
0.55,0.5,0.24,0.1,1959,1835,0.6572207084468665,0.6156202143950995,0.635740643120717,0.7854507116499737,0.8371112282551397,0.1138335885655947,0.19397651863195509,0.0694231750893313
0.55,0.35,0.24,0.1,1959,1835,0.6572207084468665,0.6156202143950995,0.635740643120717,0.7828149710068528,0.8371112282551397,0.10209290454313426,0.19244512506380806,0.06993363961204696
0.5,0.5,0.24,0.06,1959,1945,0.6375321336760925,0.6329760081674324,0.6352459016393442,0.7822745901639345,0.8273565573770492,0.12353241449719245,0.19091373149566104,0.10515569167942827
0.5,0.6,0.24,0.08,1959,1904,0.6439075630252101,0.625829504849413,0.634739839502977,0.7931659332125293,0.83561998446803,0.15313935681470137,0.2133741704951506,0.08473711077080143
0.55,0.55,0.22,0.06,1959,1934,0.6385729058945191,0.630423685553854,0.6344721294631389,0.7844849730285126,0.8312355509889545,0.12914752424706483,0.19959162838182745,0.1031138335885656
0.45,0.6,0.24,0.06,1959,1980,0.6303030303030303,0.6370597243491577,0.6336633663366336,0.793094694084793,0.8316831683168316,0.1613067891781521,0.21286370597243492,0.10974987238386932
0.55,0.35,0.24,0.12,1959,1820,0.6576923076923077,0.6110260336906586,0.6335009261709448,0.7838052394813443,0.8372585340037046,0.10209290454313426,0.19346605410923942,0.06584992343032159
0.55,0.4,0.24,0.12,1959,1820,0.6576923076923077,0.6110260336906586,0.6335009261709448,0.7843344800211697,0.8372585340037046,0.10362429811128127,0.19346605410923942,0.06584992343032159
0.4,0.45,0.26,0.08,1959,1918,0.6402502606882169,0.6268504338948443,0.6334794944544752,0.7810162496775858,0.8269280371421203,0.1153649821337417,0.1919346605410924,0.09239407861153649
0.4,0.35,0.26,0.08,1959,1918,0.6402502606882169,0.6268504338948443,0.6334794944544752,0.7794686613360846,0.8269280371421203,0.11230219499744767,0.19295558958652373,0.09239407861153649
0.4,0.35,0.26,0.12,1959,1874,0.647812166488794,0.6197039305768249,0.6334463866423168,0.785807461518393,0.8322462822854161,0.11281265952016335,0.19499744767738642,0.07503828483920368
0.55,0.5,0.24,0.12,1959,1820,0.6571428571428571,0.6105155691679428,0.6329716856311194,0.7859222016406456,0.8372585340037046,0.1138335885655947,0.19499744767738642,0.06533945890760592
0.4,0.4,0.26,0.08,1959,1918,0.6397288842544318,0.6263399693721287,0.6329636316739748,0.7799845241165849,0.8269280371421203,0.1138335885655947,0.19295558958652373,0.09239407861153649
0.55,0.6,0.22,0.06,1959,1934,0.6370217166494312,0.628892291985707,0.6329309016182891,0.7885949139481119,0.8312355509889545,0.14905564063297602,0.21439509954058192,0.1031138335885656
0.4,0.45,0.26,0.12,1959,1874,0.6472785485592316,0.6191934660541092,0.6329246021393165,0.7868510305243934,0.8322462822854161,0.11587544665645738,0.19397651863195509,0.07503828483920368
0.55,0.4,0.24,0.08,1959,1863,0.6489533011272142,0.6171516079632465,0.6326530612244898,0.7781266352694924,0.8315018315018314,0.1031138335885656,0.19142419601837674,0.08320571720265442
0.4,0.4,0.26,0.12,1959,1874,0.6467449306296692,0.6186830015313936,0.6324028176363162,0.785807461518393,0.8322462822854161,0.11434405308831036,0.19499744767738642,0.07503828483920368
0.55,0.5,0.24,0.08,1959,1863,0.6484165324745035,0.6166411434405309,0.6321297749869179,0.7807430664573521,0.8315018315018314,0.11281265952016335,0.19244512506380806,0.08269525267993874
0.55,0.35,0.24,0.08,1959,1863,0.6484165324745035,0.6166411434405309,0.6321297749869179,0.7770800627943486,0.8315018315018314,0.10158244002041858,0.19142419601837674,0.08320571720265442
0.45,0.45,0.26,0.1,1959,1860,0.6489247311827957,0.6161306789178153,0.6321026446713799,0.7818800733176224,0.8316313170987168,0.10872894333843798,0.19244512506380806,0.07554874936191934
0.45,0.35,0.26,0.1,1959,1860,0.6478494623655914,0.6151097498723839,0.6310552500654623,0.7797852841057868,0.8316313170987168,0.1066870852475753,0.19448698315467075,0.07554874936191934
0.45,0.4,0.26,0.1,1959,1860,0.6473118279569893,0.6145992853496682,0.6305315527625033,0.7803089814087457,0.8316313170987168,0.10770801429300664,0.19448698315467075,0.07554874936191934
0.55,0.55,0.24,0.1,1959,1835,0.6517711171662125,0.6105155691679428,0.6304691618344754,0.7849235635213496,0.8371112282551397,0.1225114854517611,0.20214395099540583,0.0694231750893313
0.4,0.5,0.26,0.1,1959,1890,0.6417989417989418,0.6191934660541092,0.6302935827487659,0.7861782281111978,0.8324240062353857,0.12710566615620214,0.20163348647269014,0.07912200102092905
0.5,0.55,0.24,0.06,1959,1945,0.6323907455012854,0.6278713629402757,0.6301229508196722,0.7817622950819673,0.8273565573770492,0.13476263399693722,0.2006125574272588,0.10515569167942827
0.45,0.45,0.26,0.08,1959,1888,0.6408898305084746,0.6176620724859623,0.6290616064465818,0.7767091239927216,0.8260982583831556,0.10872894333843798,0.1919346605410924,0.0888208269525268
0.55,0.45,0.24,0.06,1959,1904,0.6381302521008403,0.6202143950995406,0.6290447838467512,0.7729743722495469,0.8231944084908102,0.1031138335885656,0.1883614088820827,0.10413476263399694
0.55,0.6,0.24,0.1,1959,1835,0.6501362397820164,0.6089841755997958,0.628887717448603,0.7880864522930945,0.8371112282551397,0.14088820826952528,0.21439509954058192,0.0694231750893313
0.55,0.55,0.24,0.12,1959,1820,0.6527472527472528,0.6064318529862175,0.6287377613125166,0.7853929611008204,0.8372585340037046,0.12200102092904543,0.2026544155181215,0.06533945890760592
0.45,0.45,0.26,0.12,1959,1844,0.6480477223427332,0.6100051046452272,0.6284512227189061,0.7825400999211148,0.8314488561661846,0.10923940786115365,0.19397651863195509,0.07146503318019398
0.5,0.6,0.24,0.06,1959,1945,0.6303341902313625,0.625829504849413,0.6280737704918034,0.7853483606557378,0.8273565573770492,0.15313935681470137,0.2133741704951506,0.10515569167942827
0.45,0.35,0.26,0.08,1959,1888,0.6398305084745762,0.6166411434405309,0.6280218351962568,0.7741096958669091,0.8260982583831556,0.1066870852475753,0.19397651863195509,0.0888208269525268
0.45,0.35,0.26,0.12,1959,1844,0.6475054229934925,0.6094946401225115,0.6279253221141204,0.7809623981067578,0.8314488561661846,0.10719754977029096,0.19601837672281777,0.07146503318019398
0.45,0.4,0.26,0.08,1959,1888,0.6393008474576272,0.6161306789178153,0.6275019495710944,0.7746295814920717,0.8260982583831556,0.10770801429300664,0.19397651863195509,0.0888208269525268
0.4,0.5,0.26,0.08,1959,1918,0.6339937434827946,0.6207248596222562,0.6272891410884704,0.7815321124580861,0.8269280371421203,0.12659520163348648,0.20010209290454314,0.09239407861153649
0.55,0.6,0.24,0.12,1959,1820,0.6510989010989011,0.6049004594180705,0.6271500396930405,0.7885684043397724,0.8372585340037046,0.14037774374680959,0.2149055640632976,0.06533945890760592
0.55,0.55,0.24,0.08,1959,1863,0.6430488459473966,0.6115364982133742,0.6268969126111984,0.7796964939822082,0.8315018315018314,0.12200102092904543,0.20112302194997447,0.08269525267993874
0.45,0.4,0.26,0.12,1959,1844,0.6464208242950108,0.6084737110770801,0.6268735209045491,0.7809623981067578,0.8314488561661846,0.1082184788157223,0.19601837672281777,0.07146503318019398
0.45,0.5,0.26,0.1,1959,1860,0.6435483870967742,0.6110260336906586,0.6268656716417911,0.7818800733176224,0.8316313170987168,0.11995916283818274,0.20010209290454314,0.07554874936191934
0.4,0.5,0.26,0.12,1959,1874,0.6408751334044824,0.6130678917815212,0.6266631881033135,0.7863292460213933,0.8322462822854161,0.12710566615620214,0.2026544155181215,0.07503828483920368
0.4,0.35,0.26,0.06,1959,1959,0.6263399693721287,0.6263399693721287,0.6263399693721287,0.7713118938233793,0.8187850944359367,0.11179173047473201,0.19295558958652373,0.11332312404287902
0.4,0.45,0.26,0.06,1959,1959,0.6263399693721287,0.6263399693721287,0.6263399693721287,0.7728432873915264,0.8187850944359367,0.11485451761102604,0.1919346605410924,0.11332312404287902
0.4,0.4,0.26,0.06,1959,1959,0.625829504849413,0.625829504849413,0.625829504849413,0.7718223583460948,0.8187850944359367,0.11332312404287902,0.19295558958652373,0.11332312404287902
0.5,0.45,0.26,0.1,1959,1827,0.6480569239189928,0.6043899948953547,0.6254622292657157,0.774960380348653,0.8283148441627047,0.10413476263399694,0.19550791220010208,0.0709545686574783
0.55,0.5,0.24,0.06,1959,1904,0.634453781512605,0.6166411434405309,0.625420657520062,0.7724566399171628,0.8231944084908102,0.11281265952016335,0.19244512506380806,0.1031138335885656
0.55,0.4,0.24,0.06,1959,1904,0.634453781512605,0.6166411434405309,0.625420657520062,0.7698679782552421,0.8231944084908102,0.10260336906584992,0.19142419601837674,0.10413476263399694
0.55,0.6,0.24,0.08,1959,1863,0.6414385399892646,0.6100051046452272,0.6253270538984825,0.7828362114076399,0.8315018315018314,0.14037774374680959,0.2133741704951506,0.08269525267993874
0.4,0.55,0.26,0.1,1959,1890,0.6365079365079365,0.6140888208269525,0.6250974279033515,0.7866978435957391,0.8324240062353857,0.13782542113323124,0.21082184788157224,0.07912200102092905
0.55,0.35,0.24,0.06,1959,1904,0.6339285714285714,0.6161306789178153,0.624902925187678,0.7688325135904738,0.8231944084908102,0.10107197549770292,0.19142419601837674,0.10413476263399694
0.5,0.35,0.26,0.1,1959,1827,0.6464148877941981,0.6028586013272078,0.623877443211833,0.7723190702588483,0.8283148441627047,0.10260336906584992,0.19806023481368046,0.0709545686574783
0.45,0.5,0.26,0.08,1959,1888,0.635593220338983,0.6125574272588055,0.623862750194957,0.7772290096178841,0.8260982583831556,0.11944869831546708,0.19857069933639612,0.0888208269525268
0.5,0.4,0.26,0.1,1959,1827,0.6458675424192666,0.6023481368044921,0.6233491811938722,0.7728473322768094,0.8283148441627047,0.10362429811128127,0.19806023481368046,0.0709545686574783
0.45,0.5,0.26,0.12,1959,1844,0.6426247288503254,0.6049004594180705,0.6231922166710492,0.7820141993163292,0.8314488561661846,0.11995916283818274,0.20112302194997447,0.07146503318019398
0.4,0.6,0.26,0.1,1959,1890,0.6343915343915344,0.6120469627360898,0.6230189659651857,0.7892959210184464,0.8324240062353857,0.15671260847371107,0.222052067381317,0.07912200102092905
0.4,0.55,0.26,0.12,1959,1874,0.6366061899679829,0.6089841755997958,0.6224889120793112,0.7868510305243934,0.8322462822854161,0.13731495661051557,0.2113323124042879,0.07503828483920368
0.5,0.45,0.26,0.08,1959,1855,0.6398921832884097,0.6059213884635017,0.6224436287362349,0.7697954902988988,0.8227582590456214,0.10413476263399694,0.19499744767738642,0.08422664624808576
0.4,0.55,0.26,0.08,1959,1918,0.6287799791449427,0.6156202143950995,0.6221305132834666,0.7815321124580861,0.8269280371421203,0.13782542113323124,0.20980091883614088,0.09239407861153649
0.5,0.45,0.26,0.12,1959,1812,0.6473509933774835,0.5987748851454824,0.6221161495624503,0.7759215062317687,0.828427472818881,0.10464522715671261,0.1970393057682491,0.06687085247575293
0.45,0.45,0.26,0.06,1959,1929,0.6267496111975117,0.6171516079632465,0.6219135802469137,0.7685185185185186,0.8179012345679012,0.1082184788157223,0.1919346605410924,0.10974987238386932
0.45,0.55,0.26,0.1,1959,1860,0.6381720430107527,0.6059213884635017,0.6216286986122022,0.7824037706205813,0.8316313170987168,0.13067891781521185,0.20929045431342522,0.07554874936191934
0.5,0.35,0.26,0.12,1959,1812,0.6462472406181016,0.597753956100051,0.6210554229647308,0.7738000530363299,0.828427472818881,0.1031138335885656,0.19959162838182745,0.06687085247575293
0.45,0.35,0.26,0.06,1959,1929,0.6257128045619492,0.6161306789178153,0.6208847736625515,0.7659465020576132,0.8179012345679012,0.10617662072485962,0.19397651863195509,0.10974987238386932
0.5,0.35,0.26,0.08,1959,1855,0.6382749326145553,0.6043899948953547,0.6208704771893025,0.766649187205034,0.8227582590456214,0.10260336906584992,0.19754977029096477,0.08422664624808576
0.4,0.5,0.26,0.06,1959,1959,0.6207248596222562,0.6207248596222562,0.6207248596222562,0.7733537519142419,0.8187850944359367,0.12659520163348648,0.20010209290454314,0.11281265952016335
0.45,0.6,0.26,0.1,1959,1860,0.6370967741935484,0.6049004594180705,0.6205813040062843,0.7855459544383346,0.8316313170987168,0.14854517611026033,0.2200102092904543,0.07554874936191934
0.4,0.6,0.26,0.12,1959,1874,0.6344717182497331,0.6069423175089331,0.6204017740673102,0.7894599530393948,0.8322462822854161,0.1562021439509954,0.22256253190403266,0.07503828483920368
0.45,0.4,0.26,0.06,1959,1929,0.6251944012441679,0.6156202143950995,0.6203703703703703,0.7664609053497943,0.8179012345679012,0.10719754977029096,0.19397651863195509,0.10974987238386932
0.5,0.4,0.26,0.08,1959,1855,0.6377358490566037,0.6038795303726391,0.6203460933403251,0.7671735710540116,0.8227582590456214,0.10362429811128127,0.19754977029096477,0.08422664624808576
0.55,0.55,0.24,0.06,1959,1904,0.6292016806722689,0.6115364982133742,0.6202433341962206,0.7714211752523944,0.8231944084908102,0.12200102092904543,0.20112302194997447,0.1031138335885656
0.5,0.5,0.26,0.1,1959,1827,0.6425834701696771,0.599285349668198,0.6201796090861067,0.7744321183306919,0.8283148441627047,0.11434405308831036,0.20214395099540583,0.0709545686574783
0.4,0.6,0.26,0.08,1959,1918,0.6266944734098019,0.6135783563042368,0.620067062161465,0.7841114263605882,0.8269280371421203,0.15671260847371107,0.22103113833588567,0.09239407861153649
0.5,0.4,0.26,0.12,1959,1812,0.6451434878587197,0.5967330270546197,0.6199946963670113,0.7738000530363299,0.828427472818881,0.10413476263399694,0.19959162838182745,0.06687085247575293
0.45,0.55,0.26,0.12,1959,1844,0.6382863340563991,0.600816743236345,0.6189850118327634,0.7825400999211148,0.8314488561661846,0.13016845329249618,0.20980091883614088,0.07146503318019398
0.55,0.6,0.24,0.06,1959,1904,0.6276260504201681,0.6100051046452272,0.6186901371990682,0.7750453015790837,0.8231944084908102,0.14037774374680959,0.2133741704951506,0.1031138335885656
0.45,0.55,0.26,0.08,1959,1888,0.6302966101694916,0.6074527820316488,0.6186638939433324,0.7772290096178841,0.8260982583831556,0.13067891781521185,0.2082695252679939,0.0888208269525268
0.45,0.6,0.26,0.12,1959,1844,0.6372017353579176,0.5997958141909138,0.6179332106231922,0.7856955035498292,0.8314488561661846,0.14803471158754467,0.22052067381316998,0.07146503318019398
0.45,0.6,0.26,0.08,1959,1888,0.6292372881355932,0.6064318529862175,0.6176241226930075,0.7803483233688588,0.8260982583831556,0.14854517611026033,0.21898928024502298,0.0888208269525268
0.45,0.5,0.26,0.06,1959,1929,0.6220839813374806,0.6125574272588055,0.6172839506172839,0.7690329218106996,0.8179012345679012,0.11944869831546708,0.19857069933639612,0.10923940786115365
0.5,0.5,0.26,0.08,1959,1855,0.6345013477088949,0.600816743236345,0.6171997902464604,0.7697954902988988,0.8227582590456214,0.1138335885655947,0.2006125574272588,0.08422664624808576
0.55,0.45,0.26,0.1,1959,1789,0.6461710452766909,0.590096988259316,0.616862326574173,0.767342582710779,0.8249733191035219,0.09494640122511486,0.19499744767738642,0.06891271056661562
0.5,0.5,0.26,0.12,1959,1812,0.641832229580574,0.5936702399183257,0.616812516573853,0.7748607796340492,0.828427472818881,0.11434405308831036,0.20316488004083716,0.06687085247575293
0.5,0.55,0.26,0.1,1959,1827,0.6382047071702244,0.5952016334864727,0.6159535129424194,0.774960380348653,0.8283148441627047,0.12404287901990811,0.21031138335885655,0.0709545686574783
0.4,0.55,0.26,0.06,1959,1959,0.6156202143950995,0.6156202143950995,0.6156202143950995,0.7733537519142419,0.8187850944359367,0.13782542113323124,0.20980091883614088,0.11281265952016335
0.5,0.6,0.26,0.1,1959,1827,0.6376573617952929,0.5946911689637571,0.6154252509244584,0.7786582144743792,0.8283148441627047,0.14088820826952528,0.2200102092904543,0.0709545686574783
0.5,0.45,0.26,0.06,1959,1896,0.6255274261603375,0.6054109239407861,0.6153047989623864,0.7616083009079119,0.8145265888456551,0.10362429811128127,0.19499744767738642,0.10515569167942827
0.55,0.35,0.26,0.1,1959,1789,0.6439351593068754,0.5880551301684533,0.6147278548559232,0.7646744930629669,0.8249733191035219,0.09392547217968351,0.19806023481368046,0.06891271056661562
0.55,0.4,0.26,0.1,1959,1789,0.6433761878144215,0.5875446656457376,0.6141942369263607,0.7652081109925294,0.8249733191035219,0.09494640122511486,0.19806023481368046,0.06891271056661562
0.5,0.35,0.26,0.06,1959,1896,0.6239451476793249,0.6038795303726391,0.6137483787289234,0.7584954604409857,0.8145265888456551,0.10209290454313426,0.19754977029096477,0.10515569167942827
0.5,0.55,0.26,0.12,1959,1812,0.6385209713024282,0.5906074527820316,0.6136303367806948,0.775391142932909,0.828427472818881,0.12353241449719245,0.21082184788157224,0.06687085247575293
0.4,0.6,0.26,0.06,1959,1959,0.6135783563042368,0.6135783563042368,0.6135783563042368,0.776416539050536,0.8187850944359367,0.15671260847371107,0.22103113833588567,0.11281265952016335
0.55,0.45,0.26,0.12,1959,1774,0.64543404735062,0.5844818785094436,0.6134476292526118,0.7677471202785963,0.8250736672917226,0.09494640122511486,0.19601837672281777,0.06482899438489025
0.55,0.45,0.26,0.08,1959,1817,0.6373142542652724,0.5911179173047473,0.6133474576271186,0.7621822033898306,0.819385593220339,0.09494640122511486,0.19448698315467075,0.08218478815722308
0.5,0.4,0.26,0.06,1959,1896,0.6234177215189873,0.6033690658499234,0.6132295719844358,0.7590142671854734,0.8145265888456551,0.1031138335885656,0.19754977029096477,0.10515569167942827
0.5,0.6,0.26,0.12,1959,1812,0.6379690949227373,0.590096988259316,0.6130999734818351,0.7791036860249271,0.828427472818881,0.14037774374680959,0.22052067381316998,0.06687085247575293
0.5,0.55,0.26,0.08,1959,1855,0.630188679245283,0.5967330270546197,0.6130047194546409,0.7697954902988988,0.8227582590456214,0.12404287901990811,0.20929045431342522,0.08422664624808576
0.5,0.6,0.26,0.08,1959,1855,0.6296495956873316,0.5962225625319041,0.6124803356056633,0.773466177241741,0.8227582590456214,0.14088820826952528,0.21898928024502298,0.08422664624808576
0.45,0.55,0.26,0.06,1959,1929,0.6168999481596682,0.6074527820316488,0.6121399176954733,0.7690329218106996,0.8179012345679012,0.13067891781521185,0.2082695252679939,0.10923940786115365
0.55,0.5,0.26,0.1,1959,1789,0.6411403018446059,0.5855028075548749,0.6120597652081111,0.7662753468516542,0.8249733191035219,0.10413476263399694,0.20010209290454314,0.06891271056661562
0.55,0.35,0.26,0.12,1959,1774,0.6437429537767756,0.5829504849412965,0.6118403428877578,0.7656040717921242,0.8250736672917226,0.09392547217968351,0.1990811638591118,0.06482899438489025
0.55,0.35,0.26,0.08,1959,1817,0.6351128233351678,0.5890760592138846,0.6112288135593221,0.7590042372881356,0.819385593220339,0.09392547217968351,0.19754977029096477,0.08218478815722308
0.45,0.6,0.26,0.06,1959,1929,0.6158631415241057,0.6064318529862175,0.6111111111111112,0.772633744855967,0.8179012345679012,0.14854517611026033,0.21898928024502298,0.10923940786115365
0.55,0.4,0.26,0.12,1959,1774,0.6426155580608793,0.5819295558958653,0.6107688186445219,0.7656040717921242,0.8250736672917226,0.09494640122511486,0.1990811638591118,0.06482899438489025
0.55,0.4,0.26,0.08,1959,1817,0.6345624656026417,0.588565594691169,0.6106991525423728,0.7595338983050847,0.819385593220339,0.09494640122511486,0.19754977029096477,0.08218478815722308
0.5,0.5,0.26,0.06,1959,1896,0.6207805907172996,0.600816743236345,0.6106355382619973,0.7616083009079119,0.8145265888456551,0.1138335885655947,0.2006125574272588,0.10464522715671261
0.55,0.5,0.26,0.12,1959,1774,0.6403607666290868,0.5798876978050026,0.6086257701580499,0.7666755960353602,0.8250736672917226,0.10413476263399694,0.20112302194997447,0.06482899438489025
0.55,0.5,0.26,0.08,1959,1817,0.6323610346725371,0.5865237366003063,0.6085805084745762,0.7616525423728814,0.819385593220339,0.10362429811128127,0.1990811638591118,0.08218478815722308
0.55,0.6,0.26,0.1,1959,1789,0.6361095584125209,0.5809086268504339,0.6072572038420492,0.7694770544290289,0.8249733191035219,0.12914752424706483,0.2169474221541603,0.06891271056661562
0.55,0.55,0.26,0.1,1959,1789,0.6361095584125209,0.5809086268504339,0.6072572038420492,0.7657417289220918,0.8249733191035219,0.11230219499744767,0.2077590607452782,0.06891271056661562
0.5,0.55,0.26,0.06,1959,1896,0.6165611814345991,0.5967330270546197,0.606485084306096,0.7616083009079119,0.8145265888456551,0.12404287901990811,0.20929045431342522,0.10464522715671261
0.55,0.45,0.26,0.06,1959,1858,0.6227125941872982,0.5906074527820316,0.6062352632957821,0.7539952842546502,0.8111082001571915,0.09443593670239918,0.19448698315467075,0.1031138335885656
0.5,0.6,0.26,0.06,1959,1896,0.6160337552742616,0.5962225625319041,0.6059662775616083,0.7657587548638133,0.8145265888456551,0.14088820826952528,0.21898928024502298,0.10464522715671261
0.55,0.55,0.26,0.12,1959,1774,0.6364148816234498,0.5763144461459928,0.6048754353067238,0.7661398339137424,0.8250736672917226,0.11179173047473201,0.2082695252679939,0.06482899438489025
0.55,0.6,0.26,0.12,1959,1774,0.6364148816234498,0.5763144461459928,0.6048754353067238,0.7698901687650683,0.8250736672917226,0.12863705972434916,0.21745788667687596,0.06482899438489025
0.55,0.35,0.26,0.06,1959,1858,0.6205597416576965,0.588565594691169,0.6041393764736704,0.7508514540214828,0.8111082001571915,0.09341500765696784,0.19754977029096477,0.1031138335885656
0.55,0.55,0.26,0.08,1959,1817,0.6274078150798019,0.5819295558958653,0.603813559322034,0.760593220338983,0.819385593220339,0.11230219499744767,0.20724859622256253,0.08218478815722308
0.55,0.6,0.26,0.08,1959,1817,0.6274078150798019,0.5819295558958653,0.603813559322034,0.764300847457627,0.819385593220339,0.12914752424706483,0.2164369576314446,0.08218478815722308
0.55,0.4,0.26,0.06,1959,1858,0.620021528525296,0.5880551301684533,0.6036154047681425,0.7513754257270108,0.8111082001571915,0.09443593670239918,0.19754977029096477,0.1031138335885656
0.55,0.5,0.26,0.06,1959,1858,0.6184068891280947,0.5865237366003063,0.6020434896515587,0.7534713125491224,0.8111082001571915,0.10362429811128127,0.1990811638591118,0.10260336906584992
0.55,0.55,0.26,0.06,1959,1858,0.6135629709364908,0.5819295558958653,0.5973277443018076,0.7524233691380665,0.8111082001571915,0.11230219499744767,0.20724859622256253,0.10260336906584992
0.55,0.6,0.26,0.06,1959,1858,0.6135629709364908,0.5819295558958653,0.5973277443018076,0.7566151427822897,0.8111082001571915,0.12914752424706483,0.2164369576314446,0.10260336906584992
