stem,duration_seconds,frames,accepted_frames,accepted_frame_fraction,confidence_threshold,template_label,tonic,mode,template_score,cache_status,pc_0,pc_1,pc_2,pc_3,pc_4,pc_5,pc_6,pc_7,pc_8,pc_9,pc_10,pc_11
child1,56.9334375,5694,3978,0.6986301369863014,0.3,E minor,4,minor,0.8180570387252878,computed,0.071571778871382,0.11099449758939933,0.15057314248532216,0.16788638783933105,0.2129184761789933,0.10574959545037695,0.04329977284214935,0.056582755797052076,0.018582162566995547,0.027270634842412253,0.008993276427908932,0.025577519108677088
child10,37.2209375,3723,3174,0.8525382755842063,0.3,F minor,5,minor,0.8359494721333528,computed,0.04333544406627866,0.022409364154947545,0.025016741311640774,0.05455611258383317,0.14863029504621447,0.16963150688572265,0.1641741049699304,0.1397983751209598,0.1549231955734677,0.05774314599006088,0.015514558686413863,0.004267155610530078
child11,37.652875,3766,3086,0.8194370685077005,0.3,Eb minor,3,minor,0.9007744343410103,computed,0.04382194337432476,0.04384680083282541,0.09530808156879321,0.16268919118409025,0.13855361133444877,0.06617724958639623,0.1753958093836936,0.0991871181532436,0.0505720240849532,0.045250839485120445,0.04519118344225006,0.034006147569860465
child12,35.0606875,3507,3038,0.8662674650698603,0.3,Eb minor,3,minor,0.8365836820450329,computed,0.06231786969863055,0.0421451762252323,0.0872866172008954,0.23610339808256547,0.1714776097411175,0.12750556428081272,0.0948958873128936,0.04595755120942653,0.04644201902219079,0.0,0.005541615467440745,0.0803266917587944
child13,30.499125,3050,2690,0.8819672131147541,0.3,F# minor,6,minor,0.85118349160459,computed,0.02391700429479156,0.08567635904366266,0.03636847261247299,0.09314279909829291,0.18417469406077322,0.1477153504600818,0.19547171744930733,0.05237364823055324,0.031619157071850985,0.0678303680981558,0.05755433798265659,0.0241560915974009
child14,86.8960625,8690,6557,0.7545454545454545,0.3,C# major,1,major,0.8014641250513795,computed,0.06940607084671978,0.27817511799667116,0.15923560624162927,0.16876568334512349,0.06804205973193375,0.07829993726430318,0.05178304295063648,0.04398460641748291,0.03558289610128672,0.02071969062394149,0.0034307989797868455,0.02257448950048496
child2,54.4193125,5442,3778,0.6942300624770305,0.3,F# minor,6,minor,0.7305857636223732,computed,0.032262921934740216,0.006575051596796183,0.006685434184042471,0.035790272763600195,0.07992428947886966,0.17659912355982463,0.35051469042571765,0.14695044883726446,0.07524674250925574,0.04220184910231466,0.013493319971941788,0.033755855635632326
child3,30.0,3001,2559,0.8527157614128624,0.3,F minor,5,minor,0.8190703407706806,computed,0.010261004372422734,0.05548067818458487,0.05021604555222561,0.03495902857086377,0.12161204737346684,0.2024530138120838,0.1511853792015704,0.16910148590819082,0.06651769614836854,0.08613039181808498,0.05208322905813761,0.0
child4,14.16875,1417,1101,0.7769936485532816,0.3,C# major,1,major,0.7974400740046887,computed,0.0,0.0322343079458002,0.06507696070091117,0.013436701839995296,0.0869342867112026,0.13574693297480597,0.19700492233694522,0.1332289375559692,0.20529464791307706,0.04484988535523132,0.08619241666606198,0.0
child5,29.62125,2963,2635,0.8893013837327033,0.3,Eb minor,3,minor,0.7786027139767343,computed,0.0,0.0,0.008905666022459652,0.1331104977593585,0.05541199023544111,0.05215497273692022,0.26860453723401195,0.17251552378291835,0.15826813788854346,0.07611190073013809,0.058954020401101745,0.015962753209106943
child6,33.0,3301,2911,0.8818539836413208,0.3,B minor,11,minor,0.8919565967646538,computed,0.088607643734665,0.12373978379994625,0.1425534515175767,0.09132974334772885,0.05579701295143983,0.08811345522014775,0.02379360898240286,0.003609000525406965,0.033670374805461284,0.09618738330659796,0.09503944282512168,0.15755909898350487
child7,36.882,3689,3154,0.8549742477636216,0.3,E minor,4,minor,0.8351661670400807,computed,0.05786200642882308,0.0038718078761809365,0.004742193507690271,0.031225670209531483,0.1298687322000531,0.027064639203728102,0.08192590206281677,0.256708655446552,0.1196660812966116,0.16988966456589735,0.05014252596725787,0.0670321212348574
child8,45.0,4501,3690,0.8198178182626084,0.3,E minor,4,minor,0.8296498380592078,computed,0.030041065008217363,0.01378585456190397,0.023152076329109476,0.09305646502763126,0.2558005695057718,0.10115111792488173,0.17381366426236655,0.1142809166029987,0.10095587989177389,0.059527856189631266,0.02302615877863574,0.011408375917078264
child9,29.9438125,2995,2550,0.8514190317195326,0.3,F# minor,6,minor,0.8152725729067504,computed,0.0,0.07773022633338614,0.06574929362575062,0.013878043848148358,0.0776873799160783,0.20292042928142864,0.20527171743381728,0.16601323243508678,0.06578842065900872,0.08962957099104576,0.035331685476249396,0.0
q1,15.75,1576,1385,0.8788071065989848,0.3,D minor,2,minor,0.8022897220566346,computed,0.23568580942380413,0.05370057900501197,0.26511609398877617,0.02472071123642353,0.11056156014710504,0.16771956657399864,0.00524370664271137,0.017871021809144152,0.020780546579476516,0.04776553734472838,0.015604433046918805,0.03523043420190132
q10,16.883375,1689,1529,0.9052693901716993,0.3,B minor,11,minor,0.7021645933576603,computed,0.23669497504041034,0.11350406989722672,0.10978549879483598,0.005824599133051936,0.016100296699928452,0.002673407869718532,0.0,0.0,0.0,0.11394757113593988,0.03950327934640968,0.3619663020824785
q100,14.9375625,1494,1194,0.7991967871485943,0.3,D minor,2,minor,0.7780355570377606,computed,0.12447297716900739,0.12044659596358644,0.2073417696602076,0.19347936455935977,0.041303608789717915,0.00322479581826,0.0,0.0,0.022180019905259755,0.18237837659742248,0.09143021025689939,0.013742281280279262
q101,24.28125,2429,2157,0.8880197612186085,0.3,A minor,9,minor,0.832196109005798,computed,0.1197675609777627,0.026790371786676172,0.08204037282622934,0.015124268643222352,0.034665642263500614,0.0,0.008618636917105287,0.08491323296377033,0.08464479355723291,0.22461307823379473,0.11741622068471501,0.20140582114599057
q102,32.9063125,3291,3040,0.9237313886356731,0.3,D major,2,major,0.8769683108851023,computed,0.03198524939631765,0.09659951171663048,0.25829727109509615,0.09143387586515171,0.16062573640336583,0.048811330371857066,0.06961832236207421,0.12135317709120233,0.014326707018602444,0.0796222425110454,0.001634014238258158,0.025692561930398535
q103,19.375,1938,1732,0.8937048503611971,0.3,Eb major,3,major,0.9106919949507503,computed,0.06975069425811015,0.01304284769753608,0.11510267081700401,0.2733529276624864,0.034061973275253,0.08647675612611451,0.038489363419975116,0.14998030793193048,0.08319681463776202,0.016563949763450037,0.09562227089128013,0.024359423519098037
q104,19.0625,1907,1498,0.7855270057682223,0.3,E minor,4,minor,0.8210188121615666,computed,0.01964583296604521,0.01090822913269774,0.17380711059351459,0.0915839882092287,0.2806751298425629,0.0515734882888544,0.0,0.08358135888029734,0.03538216944441715,0.04964650713088031,0.118301705712066,0.08489447979943568
q105,37.5625,3757,3472,0.9241416023422944,0.3,D major,2,major,0.8169361916234313,computed,0.012229271690274587,0.051617241592812786,0.07768498513147182,0.005500784907769654,0.023607833430345004,0.007312859682557293,0.14451595902376788,0.14281483093482758,0.04439947798186767,0.3132016125187186,0.08291742783464558,0.09419771527094158
q106,27.1250625,2713,2378,0.8765204570586067,0.3,G major,7,major,0.925673178970568,computed,0.04221594641813318,0.04751713902087643,0.08788486659794231,0.06402248239856327,0.09323995994227596,0.023537062550603602,0.03978789735905433,0.1429349092385679,0.06152222666264267,0.15486540244555114,0.08772200429606956,0.15475010306971967
q107,29.0625,2907,2691,0.9256965944272446,0.3,E minor,4,minor,0.9581365133987837,computed,0.05767701868466832,0.050993688969672386,0.07618287073943432,0.07152500069725716,0.17272623143450824,0.03869460254451934,0.03576448317914349,0.14771562801339552,0.06207840456935408,0.0742081298521598,0.11449131442125027,0.09794262689463708
q108,17.03125,1704,1616,0.9483568075117371,0.3,Eb major,3,major,0.7175496533936923,computed,0.08791776475981965,0.02273412676627706,0.23436174868205978,0.3386055470643247,0.10561245738822343,0.11071372669240138,0.02937123940585628,0.002783446809139164,0.0,0.01146495525427774,0.03345743638734846,0.02297755079027231
q109,17.28125,1729,1402,0.8108733371891267,0.3,C# minor,1,minor,0.7943223549953662,computed,0.08779821683918758,0.2561571527556359,0.1437819314386434,0.0072825982981917555,0.021332790996099475,0.0,0.0,0.0,0.13583425321701784,0.13425933251114622,0.04716858946696387,0.16638513447711395
q11,19.483375,1949,1736,0.8907131862493587,0.3,D major,2,major,0.7565533426157062,computed,0.01740804088629254,0.11228379826400223,0.2633695203312707,0.11251721846342769,0.23908193280007808,0.07065769380603358,0.13694251165828025,0.03648563309118068,0.0010760803042106763,0.010177570395223582,0.0,0.0
q110,18.59375,1860,1727,0.928494623655914,0.3,D major,2,major,0.8225925798357585,computed,0.001491211956569056,0.008422444033937822,0.2693011348019065,0.019907038594184568,0.2152068929902452,0.07120605026818386,0.17903035370121434,0.013109671728413132,0.008249296687177566,0.1825650716594158,0.0073618140208233035,0.02414901955792887
q111,15.6875625,1569,1358,0.8655194391332058,0.3,C# major,1,major,0.7354736830845827,computed,0.21315756468785332,0.4005543317233638,0.037206062551454935,0.10747329311181274,0.02036400756554916,0.036388532976608115,0.07261160615661515,0.023301429469551042,0.040667519061773454,0.01698839899978199,0.010799655076492965,0.02048759861914332
q112,27.53125,2754,2142,0.7777777777777778,0.3,Ab minor,8,minor,0.7620787376526211,computed,0.07551494169494911,0.057809299212002736,0.029757513740282175,0.017721987452841776,0.0032797262044833666,0.008243746976399853,0.005410235592354432,0.03569561399172597,0.19417556784866663,0.1344599991480337,0.2604343995763644,0.17749696856189584
q113,16.53125,1654,884,0.5344619105199516,0.3,F# minor,6,minor,0.7834541494605854,computed,0.0048394532957996665,0.0008266999246502863,0.006812339933736782,0.021990769244456046,0.05071783433661893,0.124970946137313,0.33008894392388927,0.11987402060288171,0.121607717569925,0.11430777175726163,0.07042512722078623,0.03353837605268148
q114,31.09375,3110,2883,0.9270096463022508,0.3,D major,2,major,0.8052178055357981,computed,0.007070121453596497,0.0261206286862296,0.2733131110225882,0.10089453458261635,0.053872495586575225,0.0993554142989362,0.20665700597870107,0.17585741230638544,0.026441583591149967,0.02212325866192962,0.004905636014591427,0.0033887978167003647
q115,23.85,2386,2086,0.8742665549036044,0.3,C minor,0,minor,0.7877385019217226,computed,0.1918440974868709,0.12571416377320765,0.26007481166296836,0.14573098977795435,0.03483316106136553,0.017788847426269808,0.024729341915152726,0.044999959419216966,0.0038743533690072333,0.037794202051901295,0.038250767679193304,0.0743653043768919
q116,14.8666875,1487,1350,0.9078681909885676,0.3,C major,0,major,0.8095555962474562,computed,0.18370417245757473,0.1005455433740769,0.13121075155386328,0.14625589429529487,0.17941028435822484,0.15227647856910717,0.026743565890295116,0.006870912938715347,0.0,0.00789389234205519,0.03059391845128054,0.034494585769512046
q117,10.983375,1099,969,0.8817106460418562,0.3,D minor,2,minor,0.8105242207156514,computed,0.10881049915023021,0.08836799431138295,0.20687738869994526,0.14331309186035435,0.1968685514280453,0.057135158758973834,0.02496268795731456,0.005302661146129084,0.05815847447003657,0.0412503136025154,0.02490467213086771,0.04404850648420479
q118,20.1,2011,1779,0.8846345101939334,0.3,C major,0,major,0.9478468607659738,computed,0.12998156844889727,0.08680897516134814,0.0973556393665288,0.063781018250487,0.1267964505063925,0.09209187419831474,0.026423910631438226,0.0787358786968636,0.08136650236163938,0.07183729184072146,0.10511641526033576,0.0397044752770331
q12,23.233375,2324,2093,0.9006024096385542,0.3,Eb major,3,major,0.8169563446390361,computed,0.1663744899052211,0.02819775008409522,0.07551404626736521,0.14390842013559813,0.003226798788256206,0.018920216311254325,0.0018342374608306526,0.018501628934059388,0.10626853161293788,0.04243860999987303,0.2980418525407907,0.09677341795971818
q13,23.858375,2386,2077,0.8704945515507125,0.3,D major,2,major,0.6990292134062183,computed,0.1343379438813342,0.054488999128164274,0.42957271785174184,0.05239490384861723,0.09700969227812321,0.0,0.0,0.0,0.0,0.02866656520707232,0.01620792893987523,0.18732124886507173
q14,20.28125,2029,1334,0.657466732380483,0.3,C major,0,major,0.9189359179341093,computed,0.16413747349580146,0.06927115572573757,0.13156045879871373,0.051986743328900915,0.1634149105197566,0.1083865240586486,0.01093986079892734,0.19268799751563292,0.024435571792924923,0.01961949819286608,0.02587703237173725,0.03768277340035263
q15,15.5938125,1560,1178,0.7551282051282051,0.3,C major,0,major,0.683988362042732,computed,0.34014448707259054,0.1538994500297891,0.2691915317870156,0.034628780300342686,0.19310354935554608,0.0,0.0,0.0,0.0,0.0,0.0,0.009032201454715946
q16,17.0166875,1702,1522,0.8942420681551116,0.3,A minor,9,minor,0.705785575831403,computed,0.21505991305614552,0.0,0.0,0.0,0.0,0.0,0.016269152461386917,0.010433161163906465,0.06797630760542021,0.4119855690249613,0.0457743796773319,0.23250151701084767
q17,19.233375,1924,1429,0.7427234927234927,0.3,C# major,1,major,0.7035536529198454,computed,0.26771032738144634,0.23402874724109915,0.0,0.0,0.0046054296961015,0.009406792003068277,0.017395485542275064,0.0007908678955216113,0.11678805384256329,0.05023743662092991,0.11012762447921161,0.18890923529778325
q18,27.9375625,2794,2299,0.8228346456692913,0.3,C# major,1,major,0.7808203185780358,computed,0.19620203513291956,0.30219339412781243,0.01784825678469489,0.13313770229629043,0.04971887171457663,0.17302583892617962,0.0,0.0,0.03400093551903843,0.003799879268824019,0.04597647905515236,0.04409660717451163
q19,23.7,2371,1932,0.8148460565162379,0.3,A minor,9,minor,0.8860011605784,computed,0.057610101509345306,0.03188380730302003,0.04824487612976292,0.025405165676774092,0.11701020337925024,0.06671266686875862,0.0824420634999966,0.11136121532137135,0.06811343835849894,0.27445302952354944,0.08079099625970224,0.03597243616997022
q2,24.0625,2407,2081,0.8645616950560864,0.3,G major,7,major,0.8853487670728749,computed,0.019022326526855263,0.1268776471662709,0.10558529078712509,0.012735675943020868,0.06398008907859465,0.08368541738206339,0.1219262238639787,0.24408759570145142,0.027345358336214372,0.08942700825752178,0.03012966778730637,0.0751976991695972
q20,24.5,2451,2172,0.8861689106487148,0.3,E minor,4,minor,0.8742854110599824,computed,0.015346639915827943,0.03063907245525234,0.0436376200980622,0.034946500437833414,0.25101615445630143,0.06400838570313919,0.04077157302801239,0.1250823622724197,0.036355685962654594,0.16393224006844476,0.10626438347484511,0.08799938212720691
q21,32.1875625,3219,2947,0.9155017086051569,0.3,D major,2,major,0.9240991030269557,computed,0.034545358217394344,0.026592128086684104,0.17641580050077665,0.09417098748227087,0.08108505779690495,0.03063762869719338,0.1552545527811086,0.13605244957910445,0.026981712244908716,0.18145098849568284,0.04348454984626977,0.013328786271701311
q22,44.28125,4429,3767,0.8505305938135019,0.3,F# major,6,major,0.8999267628029117,computed,0.06043483572078175,0.23412642996467772,0.06305618739645284,0.08766719315957247,0.02733559821444707,0.10670931080839274,0.2073802437736253,0.0215105274136622,0.031341054827070336,0.009588985393923107,0.03922166855728293,0.11162796477011153
q23,19.5,1951,1259,0.6453100973859559,0.3,C minor,0,minor,0.8887825938217936,computed,0.22732367619013852,0.03148661364197972,0.1428648972454889,0.1515037175139876,0.03597104585898863,0.01305241988592535,0.0,0.05955477334565245,0.05500511078737143,0.04880058200630745,0.11793031064408772,0.11650685288007222
q24,20.0625,2007,1429,0.7120079720976582,0.3,Eb minor,3,minor,0.9414575524180633,computed,0.11553171325550274,0.09480390268469108,0.07669320608713025,0.13282761456830172,0.028815577523002702,0.11083689646684981,0.15634693618591564,0.011583528817973197,0.04004218753588055,0.054017378738202546,0.12467949959229886,0.0538215585442509
q25,28.3125,2832,2330,0.8227401129943502,0.3,D minor,2,minor,0.8330435460615653,computed,0.11768216764541799,0.08410099880946811,0.263929104901608,0.1525143496455342,0.06647446264745914,0.0375142094047285,0.005801815334919364,0.06469536677808574,0.034650720453226605,0.0449223607092642,0.05050911107231945,0.07720533259796873
q26,48.25,4826,4078,0.8450062163282221,0.3,Bb major,10,major,0.9244107198800823,computed,0.07788350096168434,0.021204526750942684,0.22101448146717204,0.0934075733276289,0.05430957314013378,0.1624510069597423,0.044978415138034196,0.08254534888139498,0.014777228728579842,0.05631091378771215,0.14008889542782504,0.03102853542914977
q27,30.5,3051,2619,0.8584070796460177,0.3,Eb minor,3,minor,0.7937420340177933,computed,0.018493227883180863,0.1360829349678856,0.10570181574819952,0.22458951010468298,0.1114975549298159,0.20726592539987984,0.028701195546350255,0.013073610710621056,0.045360597034318904,0.04370652644973721,0.03979225461309827,0.025734846612229578
q28,36.03125,3604,2732,0.758046614872364,0.3,G minor,7,minor,0.8620364670805679,computed,0.011039606368456934,0.0022163103304435605,0.10874687554097455,0.1471661472305901,0.1312252158770462,0.12607960102122623,0.13361284763079662,0.14009427084935225,0.02370335147559985,0.10107994913525789,0.05112663750126314,0.023909187038992696
q29,26.75,2676,2230,0.8333333333333334,0.3,A major,9,major,0.7622497790663408,computed,0.0,0.0004514488595444431,0.009688229734034687,0.012968274168775067,0.12933193129841591,0.08489731565290627,0.15840891988514247,0.20508673408088887,0.10210084610472973,0.25631858167689886,0.03474602782080307,0.006001690717860627
q3,31.75,3176,2654,0.8356423173803527,0.3,B minor,11,minor,0.8611269443037566,computed,0.0630660997426397,0.1720461246691899,0.16609103811386716,0.08058925149725674,0.12578600286895014,0.06783721831423482,0.03884623820436585,0.010743087712812748,0.0020743118908521443,0.04593598958752697,0.02184610930113162,0.2051385280971722
q30,12.90625,1291,992,0.7683965917893106,0.3,B minor,11,minor,0.7256044139662391,computed,0.07964647959670369,0.05617960764653131,0.040272445996755696,0.003052935102762446,0.02619488311757268,0.003652242935607872,0.011105318333175658,0.01784925332165667,0.061229032318854064,0.16944989938490423,0.2226152845141342,0.3087526177313415
q31,26.15625,2616,2205,0.8428899082568807,0.3,Eb major,3,major,0.9268821213069136,computed,0.07933684255313857,0.00810789438839251,0.0840879499310821,0.1714359283178589,0.09094327036958583,0.1293191343358351,0.09027466846229404,0.15027359610648122,0.038380690979827624,0.029527129121823707,0.09233325165062736,0.035979643783053024
q32,17.0625,1707,1497,0.8769771528998243,0.3,Eb major,3,major,0.9264462163533683,computed,0.04727492193496573,0.029023213287136793,0.10090318230331034,0.14301707833353544,0.11710489818289764,0.08261933035888959,0.09281307740178245,0.14086194587699416,0.10473795436694296,0.03260082725586259,0.06669074437070657,0.04235282632697574
q33,23.5,2351,2030,0.8634623564440663,0.3,C major,0,major,0.769875334587924,computed,0.3293775931106666,0.07018083868370188,0.1565036054020364,0.038158475401079445,0.10801124815730492,0.007198579258056606,0.015091208243005987,0.018882876157550313,0.012880386541242935,0.020269079636313768,0.05381744102173398,0.16962866838730714
q34,18.5625,1857,1645,0.8858373721055466,0.3,A minor,9,minor,0.7964215390550031,computed,0.10776789061595465,0.036824133589679994,0.010193122624169626,0.011871473801056628,0.03184719504225186,0.07049264298825378,0.06812558583671548,0.06685114397313534,0.08451562833151892,0.35734246546892207,0.12658550900809665,0.027583208720244997
q35,16.40625,1641,1458,0.8884826325411335,0.3,A minor,9,minor,0.7992005028449239,computed,0.11651640175600307,0.022681614292617256,0.03610232966449286,0.016286730591015444,0.021016718619935232,0.031200321426201456,0.009987995617655957,0.12682591700067866,0.16567976644933255,0.3210780816225148,0.08764972371411062,0.04497439924544215
q36,29.0625625,2907,2572,0.8847609219126247,0.3,Bb minor,10,minor,0.8480595230748502,computed,0.1795724462049312,0.2340500439523085,0.06699914797008352,0.13901197292500625,0.024257890503283672,0.11385364204571226,0.027282746946233727,0.005766801880573669,0.014849382347095907,0.015774448361385567,0.1627133325949916,0.015868144268394103
q37,15.0938125,1510,1221,0.8086092715231789,0.3,Bb minor,10,minor,0.84247369323485,computed,0.07745157951997567,0.24636960452944745,0.05924608265803669,0.05229456000978836,0.05952006419293476,0.24040838653789426,0.011993119064412918,0.008134230872892168,0.03523146479857029,0.04788952571483771,0.1307094151465914,0.030751966954618324
q38,17.4688125,1747,1523,0.8717801946193474,0.3,Ab major,8,major,0.8554343054543819,computed,0.17060956024509627,0.08059853336641314,0.03973073906986768,0.21893107108956378,0.04594252305127918,0.004530136317955872,0.00466708944079667,0.04668668218719169,0.3106531698319901,0.03919630266711283,0.02530554530232834,0.013148647430404494
q39,31.6563125,3166,1963,0.6200252684775742,0.3,F# minor,6,minor,0.8143179273239994,computed,0.02953553297652652,0.07362394068315709,0.03453632688999451,0.056497861925365135,0.009204290164932852,0.04299277404281202,0.25534554540113774,0.12267431339019669,0.22021748646428185,0.11257613211748432,0.03881618143650189,0.003979614507609417
q4,33.9375,3394,2888,0.8509133765468474,0.3,B major,11,major,0.9065871070547575,computed,0.0914344455286876,0.15021542384345946,0.03543654330193963,0.07353451987547205,0.03399437703359581,0.004219347537153012,0.10057631470975856,0.05202718426948296,0.07957301390230342,0.05086690896858416,0.10136629153954461,0.22675562949001873
q40,17.75,1776,1533,0.8631756756756757,0.3,C# major,1,major,0.7261940853392033,computed,0.007475659125078714,0.25169147706121153,0.020776931826318946,0.009347439333668845,0.009637490888810048,0.018591351129932498,0.22001372211449235,0.02947440639636731,0.41412389680885225,0.008690624716785734,0.005322783790097573,0.0048542168083842
q41,29.9688125,2997,2562,0.8548548548548549,0.3,A major,9,major,0.7982677425419267,computed,0.009490646777070533,0.06717400370415012,0.06065986550486708,0.036756453000989016,0.05292268941349766,0.05513231455635244,0.06974636185526066,0.05111826914851044,0.2500893382652127,0.26565767749673774,0.021465663109568267,0.05978671716778339
q42,20.6563125,2066,1486,0.7192642787996127,0.3,F# major,6,major,0.9141805164769297,computed,0.06966238067381837,0.21935341564962316,0.03195772932564263,0.05908217467162756,0.030787943689237394,0.01835044836327591,0.17294256806790523,0.03422583992416744,0.09744078565943454,0.07067894845196557,0.16133237931219663,0.034185386211105576
q43,24.1875625,2419,1992,0.8234807771806532,0.3,Eb minor,3,minor,0.8327545368961481,computed,0.010168162201579877,0.0328336156255887,0.052832111911595085,0.2283953741454835,0.1697911418761303,0.04451956803640636,0.25158531305291293,0.024418788805120363,0.044593114398455376,0.013481398083305202,0.04278254061710557,0.08459887124631674
q44,31.0625625,3107,2495,0.8030254264563887,0.3,B major,11,major,0.8520900615056303,computed,0.06280816422475792,0.09962204259220618,0.0598968464512417,0.10618869355705945,0.03258983768083808,0.05901305305435756,0.059407761274652394,0.0315887882597085,0.013807631551873176,0.03915469429925424,0.15333963829560968,0.2825828487584411
q45,46.0938125,4610,4174,0.9054229934924078,0.3,Ab major,8,major,0.9453400092439265,computed,0.05123592374139485,0.13039312481936213,0.0662126512904948,0.10859346138096052,0.06223124346700776,0.07064170548889377,0.048595414751956854,0.06779282633889357,0.2033490800370076,0.10445388011307107,0.045504827422286245,0.040995861148670834
q46,17.75,1776,1200,0.6756756756756757,0.3,C major,0,major,0.7125389840266956,computed,0.4036573897940707,0.0628306093189233,0.2308084645768156,0.07106072267113993,0.10513868312456191,0.0027155547473473214,0.009348770172826504,0.003777654025234065,0.005977808901681412,0.010960496769149942,0.02845542451256825,0.06526842138568109
q47,43.5,4351,3484,0.8007354631119283,0.3,C# major,1,major,0.9463983899557448,computed,0.08516117016922485,0.19981852941524086,0.05839003323405047,0.054863931643878726,0.012841783831505183,0.06290519593767573,0.10493187195575572,0.021393169247950476,0.15025482451403127,0.08058066892626822,0.07108494349283065,0.09777387763158783
q48,33.7188125,3372,3044,0.9027283511269276,0.3,Eb major,3,major,0.7603889214796863,computed,0.018011451276359544,0.033234010170743684,0.08765669646628978,0.4314837521296816,0.03097896842525958,0.0169623227178119,0.028767023925185476,0.057224530235779066,0.17131557205190856,0.03470636762791269,0.054141399402862965,0.035517905570205156
q49,30.625,3063,2559,0.8354554358472086,0.3,C minor,0,minor,0.8633544007045068,computed,0.12718276693880834,0.0607966758078964,0.12637307492514585,0.12562326544350516,0.08766759093018872,0.06664258809043533,0.021206588435666977,0.24683642422182409,0.09992320127658233,0.02735433794395391,0.005425363007471904,0.004968122978521006
q5,28.25,2826,2464,0.8719037508846426,0.3,Ab minor,8,minor,0.9194901483346097,computed,0.08263107695059348,0.05862676884061369,0.05728074851663433,0.13515724901536638,0.1547522798125891,0.055107382988991926,0.12584455366918143,0.0839912875208535,0.13432798218392078,0.018527294713016028,0.019685887654328164,0.07406748813391119
q50,22.65625,2266,1967,0.8680494263018534,0.3,G minor,7,minor,0.9239414361323888,computed,0.04594451561835022,0.022635283793843292,0.07951861319541893,0.1006740256371972,0.02837964178429527,0.05639460153019444,0.08603808450696968,0.1604250083109885,0.09262396576724849,0.07728714252898036,0.2258720821187696,0.024207035207744015
q51,27.53125,2754,2311,0.8391430646332607,0.3,Bb major,10,major,0.920232885925358,computed,0.06072152329087133,0.11614563352215808,0.11881994306204414,0.06271145832706394,0.08035604487547458,0.08250422768402427,0.020390929160008866,0.1141693398110791,0.012691891764673058,0.11890155091650809,0.1986010846901648,0.01398637289592973
q52,30.2188125,3022,2278,0.7538054268696228,0.3,Eb major,3,major,0.7434421296283625,computed,0.017528982229632343,0.027318624350097537,0.0546474158186963,0.2270529649668746,0.09185022386719244,0.2556115978055159,0.1189199080861485,0.17115818718384512,0.023586307486989064,0.0003214694494041496,0.0003214694494041496,0.011682849306199899
q53,15.0,1501,1201,0.8001332445036642,0.3,Ab major,8,major,0.8608998276737246,computed,0.11731982815044215,0.09473369888738088,0.06123461236397523,0.08920260265833709,0.05509699439002154,0.00999485511730446,0.05355462805735134,0.08449445937957804,0.27057929760640376,0.13730309776557376,0.0,0.02648592562363173
q54,17.0,1701,1512,0.8888888888888888,0.3,F# minor,6,minor,0.8071023596107554,computed,0.020057117139347273,0.0073679570153008305,0.013294168810047191,0.004845085444154106,0.023235638255627286,0.04830834032627495,0.28809671538746734,0.11112406834867801,0.15766689035118014,0.125724767451707,0.057014283691097345,0.14326496777911854
q55,25.8125,2582,1953,0.7563903950426026,0.3,F# minor,6,minor,0.7162203315195123,computed,0.0,0.0015700548444637064,0.029881458150365976,0.019616404992088447,0.025441936216102447,0.04870546863551264,0.39762671594555393,0.17285046432965745,0.16418643825535226,0.10655622256600791,0.03197119656503084,0.0015936394998643658
q56,17.75,1776,1547,0.8710585585585585,0.3,Eb minor,3,minor,0.931179166338577,computed,0.018486542076605342,0.07558769226900221,0.07912094899327929,0.16298691153095848,0.10584318373844896,0.10223912758173938,0.084053261098729,0.06160773083932568,0.1281197948129303,0.021989556538965005,0.13123466777297382,0.028730582747042526
q57,23.8438125,2385,2041,0.8557651991614256,0.3,B minor,11,minor,0.8272164505317854,computed,0.1080244547538567,0.18718900473327987,0.20900565457772216,0.10371210727999106,0.018337982651138625,0.07581010224828956,0.06911597423186637,0.02119316155694583,0.012645517920200468,0.013802307251781344,0.07172292193062457,0.1094408108643034
q58,29.375,2938,2424,0.8250510551395507,0.3,Ab major,8,major,0.7959701994707465,computed,0.060262759732449586,0.1828367016876554,0.23818135482558905,0.14708717152451734,0.014400847196487779,0.01343139488372504,0.03307214818024795,0.041916770271860644,0.14636730345792406,0.018107155381889842,0.03518980532770582,0.06914658752994748
q59,16.8125,1682,1421,0.8448275862068966,0.3,B minor,11,minor,0.7827350952731096,computed,0.14938071999235342,0.08382741167569503,0.09305835000057493,0.016513365391462045,0.047723383838521045,0.021317346743920138,0.022289096388521615,0.04604426591906771,0.0011440319398752098,0.08336123405763114,0.07304523741976604,0.36229555663261165
q6,47.875,4788,4324,0.9030910609857978,0.3,B minor,11,minor,0.8682110708600774,computed,0.06024359998070049,0.15698720795187796,0.19541546318352426,0.088834070094047,0.10919083489730017,0.035574117366252496,0.04455734295590138,0.006035005949395234,0.009710031646242425,0.018449405549607858,0.09598283510136213,0.1790200853237886
q60,19.53125,1954,1673,0.8561924257932446,0.3,F minor,5,minor,0.9368474717562104,computed,0.17550505136562877,0.13114849659213335,0.0475022273031801,0.05140254965398156,0.07240189708545242,0.1141003360880071,0.023599968681278154,0.12060076905495665,0.12415629029996941,0.008518880089789673,0.0839249294234413,0.047138604362181494
q61,14.96875,1497,1379,0.9211756847027388,0.3,A minor,9,minor,0.9527177268893582,computed,0.1305422901904557,0.06102507459656851,0.07918176256716972,0.09351288089623581,0.1425916972721642,0.12295160063850896,0.0632866443860625,0.007463239814711052,0.03959203585952793,0.1406985439172506,0.04835524213721999,0.07079898772412502
q62,27.375,2738,2408,0.8794740686632578,0.3,F minor,5,minor,0.8865569709766935,computed,0.043583560397710705,0.09585276506780574,0.018584653644930293,0.11387165593605271,0.026349961807227647,0.2600243673502549,0.11946694097858897,0.07036824409108577,0.1416592146970794,0.017392630502315258,0.0717948971176758,0.02105110840927282
q63,17.8750625,1788,1537,0.8596196868008948,0.3,F# minor,6,minor,0.8603287585533145,computed,0.04827934665809775,0.0573680181573702,0.05198710001276717,0.06583786589023434,0.1281107210657272,0.09119071664695003,0.20582009277368846,0.12327668572715227,0.1411443901998665,0.03110222853043259,0.025374961498303764,0.030507872839409717
q64,21.375,2138,1862,0.8709073900841908,0.3,C minor,0,minor,0.8277107384544006,computed,0.27561209563096445,0.036161303111580986,0.05367413661948129,0.14145684165217512,0.023830482467831385,0.06260123215277415,0.015056083671260007,0.04447727861166574,0.019500678593326822,0.03146523456271408,0.21260841255924615,0.08355622036697985
q65,28.0313125,2804,2092,0.746077032810271,0.3,Ab minor,8,minor,0.7994657108864097,computed,0.032514708638922286,0.02645113011035825,0.015038838577826476,0.008816400495703633,0.002616262261614584,0.04306994923980263,0.03282902269830644,0.08279981797564702,0.29890012638666524,0.12105235534488822,0.1691156057499333,0.16679578252033192
q66,25.21875,2522,2132,0.845360824742268,0.3,Bb major,10,major,0.8719369798645058,computed,0.16392273060811935,0.0820355806650277,0.2151715208836328,0.04400268644368388,0.01599646444429034,0.14583361706332842,0.01294182605930502,0.029931155818034478,0.00974672706627831,0.02996935096745769,0.21434557089134268,0.036102769089499324
q67,24.5,2451,2108,0.8600571195430436,0.3,E major,4,major,0.8679702568739561,computed,0.023690694234413258,0.0010317237581893774,0.003001892073820557,0.021039355480888547,0.18013610260654214,0.0619825149613707,0.1894030592780862,0.06578032153904823,0.17847999647881932,0.14478994192339764,0.038044567261510426,0.09261983040391361
q68,28.78125,2879,2282,0.7926363320597429,0.3,B minor,11,minor,0.7068801595776463,computed,0.14803258339561906,0.11050930058772139,0.03237993660686876,0.016467930001060626,0.0034017268364446305,0.011717618378848717,0.019643690374290663,0.004184491421514064,0.02051446172364871,0.19468602599155765,0.06885144635069862,0.3696107883317271
q69,32.7188125,3272,2536,0.7750611246943765,0.3,E minor,4,minor,0.8879291503243365,computed,0.08773908378087476,0.08780218352772498,0.13475080766946024,0.13088718130195984,0.21253906968180664,0.06622736009740432,0.028840028154126375,0.060023462816855194,0.031693539596202476,0.039746142781910354,0.06586016878242675,0.05389097180924805
q7,35.75,3576,3200,0.8948545861297539,0.3,A minor,9,minor,0.9297154070277801,computed,0.19262940437193163,0.03733613765457389,0.11788960569345806,0.007165541776911632,0.12912374034926757,0.09791429242656444,0.013595582159668348,0.06364560234155833,0.03657870914236637,0.13067717947796212,0.1070173147239023,0.06642688988183532
q70,17.0,1701,1238,0.7278071722516167,0.3,G minor,7,minor,0.8096570919742444,computed,0.04935947588107918,0.05717317507330913,0.07200595965650693,0.02938925523816125,0.020427531440769735,0.002026006610945954,0.017550710569249166,0.11764693193910773,0.08545614482313518,0.22097844345069886,0.21457467906131664,0.11341168625572022
q71,21.8125,2182,1816,0.8322639780018332,0.3,B minor,11,minor,0.8929334043119206,computed,0.13337952013281718,0.09448934447614608,0.17908872761228675,0.08521836875681925,0.06593784693751267,0.028496364455138486,0.013897422958093826,0.0542354907623637,0.07216208972824241,0.057226159665515426,0.09152114506331059,0.12434751945175362
q72,26.0625,2607,1803,0.6915995397008056,0.3,D minor,2,minor,0.8474416091908895,computed,0.021924260269939447,0.09444708579923218,0.15805055046901734,0.09959020211001493,0.19785993363608534,0.12968782017688144,0.12538858743404113,0.05309389260010144,0.02883414636277785,0.048241172153866245,0.025609464845029344,0.01727288414301332
q73,20.75,2076,1660,0.7996146435452793,0.3,G minor,7,minor,0.8814553411562054,computed,0.07213552981277603,0.05232169448351497,0.028223739165831853,0.0528694962964632,0.10475611319976191,0.11067173553263261,0.13381434652688243,0.23009131836283717,0.05750816981983293,0.02783943403974814,0.08542791411513531,0.04434050864458344
q74,16.65625,1666,1466,0.879951980792317,0.3,G minor,7,minor,0.7649610847019075,computed,0.035758428462223185,0.011016853966118907,0.014137712179661243,0.015527572610979335,0.049564505373782604,0.03288817927122649,0.0427073072278794,0.2678404600125036,0.2327738454569662,0.10886244934818588,0.10944785526250006,0.07947483082797312
q75,24.9375,2494,2088,0.8372093023255814,0.3,D minor,2,minor,0.8453681124569801,computed,0.03674146753674384,0.16290975387940376,0.1898649915322559,0.07093897914177012,0.15372163360852117,0.151238300686378,0.09214887721440791,0.08427592718997572,0.014032139287064841,0.024024841565431547,0.005972128247595465,0.014130960110451727
q76,18.2188125,1822,1592,0.8737650933040615,0.3,B minor,11,minor,0.8086084718505172,computed,0.12842152839595788,0.04602246952316102,0.060765830550305405,0.055858618234923,0.0024808494347608213,0.026955711303063963,0.021677992523194023,0.03676155992099013,0.09640922184561984,0.14195333152246828,0.12229611096794399,0.2603967757776116
q77,19.0625,1907,1510,0.7918196119559517,0.3,Bb minor,10,minor,0.7239474354615606,computed,0.11288391709163105,0.05401494946942765,0.004906726083651186,0.039296486641603345,0.022606913808166002,0.008888390524992709,0.01644401933215415,0.014504116625713673,0.04388977145957654,0.19582604084260713,0.3758638719845477,0.11087479613592889
q78,22.7813125,2279,1943,0.8525669153137341,0.3,C minor,0,minor,0.9636191875499323,computed,0.13876721121816724,0.0651540902296563,0.05833251968112201,0.10638832845151257,0.03285619975106905,0.07098845186376303,0.09698631163754522,0.1140837075644462,0.07299225066346623,0.11128158298334817,0.048595083751787393,0.08357426220411657
q79,19.65625,1966,1586,0.8067141403865717,0.3,D minor,2,minor,0.765596934466385,computed,0.09784348765766926,0.1433547563408236,0.29349848532920436,0.16578181491552552,0.1074832848267351,0.006912331744267583,0.0030798932570258067,0.011698535847791295,0.023779033138643067,0.05164925780713445,0.04195454365062848,0.05296457548455148
q8,26.15625,2616,2193,0.838302752293578,0.3,G minor,7,minor,0.9321943073105153,computed,0.12772609070747565,0.02086184259794989,0.099157751227295,0.13307924735314927,0.009158865178673018,0.01633253268171533,0.06244957249431433,0.17408601647103106,0.051347996441008556,0.06804319722866657,0.13382668261105252,0.10393020500766881
q80,42.002,4201,3015,0.7176862651749584,0.3,D minor,2,minor,0.8252424661075465,computed,0.05074156690428242,0.06619825557136635,0.1485800513490182,0.03066294633725653,0.2222497927292742,0.22663029213035255,0.0383814089866424,0.1079074798451969,0.04113609600838298,0.03620906367841077,0.013933873409098555,0.017369173050718157
q81,47.8055625,4781,3659,0.7653210625392177,0.3,E major,4,major,0.9236625379669335,computed,0.0861151291425852,0.13174056392225386,0.11823882425110731,0.06988065759431594,0.19307496420203135,0.03746961499825269,0.06240001283467265,0.00925261543738266,0.04243309663589383,0.09163237477661614,0.020341109620495356,0.13742103658439303
q82,45.64175,4565,3661,0.8019715224534502,0.3,E minor,4,minor,0.9260469262054243,computed,0.1045486650316868,0.07259590884764218,0.10563038479741636,0.11087718584075415,0.19987043468920684,0.041204336252283605,0.04770635582682245,0.06613681311684476,0.08214677206872574,0.06288974182114432,0.05875061827163865,0.04764278343583414
q83,38.449375,3845,2897,0.7534460338101431,0.3,A minor,9,minor,0.8707027831872929,computed,0.10698029966001635,0.06217913172488131,0.022389140361733374,0.04689762819258644,0.12148611972668863,0.042173753534023216,0.03798164160731782,0.12475726610241683,0.1971517417110435,0.18399775983551528,0.028453797178817606,0.025551720364959684
q84,36.2435,3625,2978,0.8215172413793104,0.3,D major,2,major,0.9005604277149023,computed,0.048582603400987974,0.09362512601520215,0.23570798609485477,0.04034192008665457,0.14552056165716074,0.021363773461640426,0.018227859204456815,0.08812335965513118,0.016720178109051843,0.10509316542052728,0.05300081011484254,0.13369265677948972
q85,24.619,2462,1975,0.8021933387489846,0.3,G major,7,major,0.9097546991014307,computed,0.08007103447333548,0.011020500961172318,0.08870055071879532,0.0011879172154006514,0.112983732988052,0.04777257694394622,0.07712279666581105,0.2723997905937777,0.08323062647871347,0.10053233445093732,0.02635275851590392,0.09862537999415451
q86,27.762375,2777,2181,0.7853799063737846,0.3,A major,9,major,0.7979985944042118,computed,0.04864433953136363,0.2796570048818913,0.02208752330006444,0.0180733078566609,0.04880308841003946,0.01324863783084526,0.03319637639654187,0.017522488954332314,0.05209320953222692,0.28091317787096476,0.05089374477643014,0.13486710065863897
q87,38.308625,3831,2908,0.7590707387105194,0.3,C# major,1,major,0.9122324324292956,computed,0.018698975055492263,0.16588573984829916,0.04438997421737664,0.09823911084078206,0.039694208966867074,0.12297648231630513,0.029796759220896994,0.011579790311697204,0.2027184160700488,0.0638358289418901,0.16009220280937558,0.042092511400968945
q88,41.380875,4139,3413,0.8245953128775066,0.3,B minor,11,minor,0.9353583988177573,computed,0.055460506632933,0.15182512238505985,0.1233296671786588,0.010191657843967795,0.023051647136369445,0.04822919059453895,0.10502249460063037,0.07135196821584718,0.05706267651945475,0.06727732025239565,0.11199113624672365,0.17520661239342056
q89,23.127125,2313,1660,0.717682663207955,0.3,C# minor,1,minor,0.7682900745495227,computed,0.1780782370127949,0.33137429208590985,0.03848704468025728,0.06769675268228091,0.04707004719584512,0.028841258412349514,0.021270043193296624,0.004076596036471183,0.02450322833677285,0.054204086245399116,0.049442214610443895,0.15495619950817877
q9,17.883375,1789,1467,0.820011179429849,0.3,Bb major,10,major,0.8061660492816977,computed,0.12951083932886523,0.015364549239663112,0.25486116518093854,0.2220674925933153,0.016645593691921336,0.1701923914175583,0.010186635788918697,0.04504790800495534,0.0,0.02290109103099499,0.08016190064464994,0.03306043307821927
q90,62.41525,6242,4506,0.7218840115347644,0.3,Bb major,10,major,0.7834157117850552,computed,0.0182213229679353,0.009369040693263789,0.013068386577725471,0.03142030263595243,0.024244948579815535,0.10775605042251452,0.11112552312030645,0.21123921350837668,0.04768497577833953,0.062106093228456866,0.34407956257385236,0.01968457991346107
q91,39.6596875,3966,2464,0.621280887544125,0.3,F minor,5,minor,0.9451738593158031,computed,0.1694018712325742,0.05131149123201937,0.045794249547777575,0.06371422477421643,0.10333277056656023,0.0989930958708943,0.030772650055812666,0.08075994596685045,0.16015232856803502,0.06586217612332872,0.07810497440184883,0.051800221660082205
q92,21.8151875,2182,1581,0.724564619615032,0.3,C minor,0,minor,0.749324248459132,computed,0.3124788468397509,0.19432561480494778,0.160764649920716,0.0950573653051119,0.012508965707595722,0.0824124347959457,0.05491481621850984,0.004671830667667327,0.0008230118040655963,0.013405556351958442,0.014669110345368743,0.053967797238362036
q93,38.4986875,3850,2790,0.7246753246753247,0.3,Bb minor,10,minor,0.8658968441413234,computed,0.02776067702184387,0.07531730941785428,0.03315778791766618,0.052555467201203646,0.030512773540943977,0.047369026159735685,0.09346309804931592,0.029499659955824212,0.11324751367379374,0.10756875037989867,0.27080439023259795,0.11874354644932188
q94,52.790625,5280,2637,0.4994318181818182,0.3,B minor,11,minor,0.8045247097648357,computed,0.03261442091157699,0.09270443893220347,0.1560673911970301,0.02668169532010915,0.04872301828872668,0.028013769349472396,0.018770009236267,0.01272105414476042,0.03533974940670996,0.04670841840544247,0.181038036233846,0.32061799857385537
q95,48.2743125,4828,3712,0.7688483844241922,0.3,G minor,7,minor,0.7903529476018132,computed,0.007987231907004325,0.02348212958540446,0.028713401906132852,0.03822967862806298,0.03524431679140067,0.056409870047132445,0.09609036390634085,0.2878563514171061,0.10317077997802478,0.21942226903585338,0.07712245938811171,0.026271147409425443
q96,22.836875,2284,1523,0.6668126094570929,0.3,B major,11,major,0.8217441331707509,computed,0.05235927732641575,0.22441367085734504,0.02078319564034787,0.10065702957447327,0.07097711975342329,0.01860671884524002,0.14064712446160332,0.034318112999017464,0.0055459818464763475,0.0036442328577161167,0.00978138982087836,0.31826614601706316
q97,97.8373125,9784,5663,0.5788021259198691,0.3,C# major,1,major,0.8825319030442714,computed,0.07011984859836005,0.13717931331160205,0.05499603446083372,0.1636627479227908,0.056217698456186016,0.2092212784628941,0.1240446068973623,0.024045484951410172,0.06019137834921284,0.04211599832108628,0.0455517473903067,0.012653862877954968
q98,24.5625625,2457,2257,0.9185999185999186,0.3,Bb major,10,major,0.8895965100476882,computed,0.09548502592156395,0.11086701983269033,0.20313405957291367,0.0778545793985123,0.014967631068098572,0.04793687473371196,0.010877692101899258,0.07776872300644036,0.024162778836757492,0.07951266344161813,0.19991304455640557,0.05751990752938842
q99,16.5625,1657,1329,0.8020519010259505,0.3,B major,11,major,0.8226470655007613,computed,0.003918652962362362,0.003021664782088418,0.0588238112510942,0.08113530964486226,0.11432910141940436,0.0876924234946719,0.2863851186686666,0.12534587791807628,0.058669675203877475,0.001929359091786257,0.07979277746214179,0.09895622810096805
