stem,error_type,event_time,reference_index,estimate_index,distance_to_phrase_boundary_seconds,near_phrase_boundary
child1,split,0.82,0,1,0.19799999999999995,False
child1,split,2.42,4,6,0.7160000000000002,False
child1,split,7.26,13,15,0.3819999999999997,False
child1,split,11.5,22,24,0.9290000000000003,False
child1,split,16.6,31,33,0.4410000000000025,False
child1,split,21.55,40,42,0.6140000000000008,False
child1,split,30.68,61,63,0.5620000000000012,False
child1,split,40.87,86,88,0.9420000000000002,False
child1,split,41.16,87,89,0.7410000000000068,False
child1,split,43.32,91,94,0.9549999999999983,False
child1,split,43.32,92,94,0.9549999999999983,False
child1,merged,7.246,13,14,0.3680000000000003,False
child1,merged,11.507,22,23,0.9220000000000006,False
child1,merged,16.581,31,32,0.4220000000000006,False
child1,merged,21.557,40,41,0.6209999999999987,False
child1,merged,30.681,61,62,0.5630000000000024,False
child1,merged,40.827,86,87,0.8990000000000009,False
child1,merged,41.169,87,88,0.7320000000000064,False
child1,merged,43.345,92,93,0.9799999999999969,False
child1,merged,43.345,92,94,0.9799999999999969,False
child10,split,1.29,2,2,0.663,False
child10,split,2.58,5,6,1.229,False
child10,split,15.69,33,32,0.41300000000000026,False
child10,split,16.37,35,34,1.0930000000000017,False
child10,split,23.2,52,50,1.5679999999999978,False
child10,split,25.03,57,55,1.4369999999999976,False
child10,split,27.72,64,62,0.9390000000000001,False
child10,split,28.02,65,63,1.2390000000000008,False
child10,split,33.33,79,76,0.8969999999999985,False
child10,merged,1.292,2,1,0.665,False
child10,merged,2.595,6,6,1.214,False
child10,merged,8.664,18,17,0.661999999999999,False
child10,merged,11.205,25,23,0.9160000000000004,False
child10,merged,15.645,33,31,0.3680000000000003,False
child10,merged,15.793,34,32,0.516,False
child10,merged,16.402,36,34,1.1250000000000018,False
child10,merged,18.2,41,38,0.8689999999999998,False
child10,merged,24.98,57,54,1.4869999999999983,False
child10,merged,25.311,58,55,1.1559999999999988,False
child10,merged,27.744,65,62,0.963000000000001,False
child10,merged,28.064,66,63,1.2830000000000013,False
child10,merged,29.487,70,66,0.5660000000000025,False
child10,merged,33.336,80,76,0.9029999999999987,False
child10,merged,34.793,85,80,1.2880000000000038,False
child10,spurious,14.65,-1,30,0.08999999999999986,True
child10,spurious,36.29,-1,82,0.20899999999999608,False
child11,split,6.01,8,10,0.29000000000000004,False
child11,split,6.96,10,12,1.2400000000000002,False
child11,split,6.96,11,12,1.2400000000000002,False
child11,split,8.23,14,15,0.8789999999999996,False
child11,split,8.55,15,16,0.5589999999999993,False
child11,split,15.81,30,29,0.8349999999999991,False
child11,split,21.65,41,41,0.6179999999999986,False
child11,split,27.67,55,52,0.45099999999999696,False
child11,split,28.84,57,54,0.28200000000000003,False
child11,split,34.94,70,66,0.828000000000003,False
child11,merged,6.017,9,10,0.2970000000000006,False
child11,merged,6.967,11,11,1.2469999999999999,False
child11,merged,6.967,11,12,1.2469999999999999,False
child11,merged,8.217,14,14,0.8919999999999995,False
child11,merged,8.514,15,15,0.5950000000000006,False
child11,merged,11.149,20,20,1.642999999999999,False
child11,merged,13.629,25,24,0.2959999999999994,False
child11,merged,15.81,30,28,0.8349999999999991,False
child11,merged,21.68,42,41,0.6479999999999997,False
child11,merged,22.298,43,41,1.2659999999999982,False
child11,merged,27.348,54,51,0.7729999999999997,False
child11,merged,27.673,55,51,0.4480000000000004,False
child11,merged,28.843,57,53,0.28500000000000014,False
child11,merged,32.676,65,61,0.2430000000000021,False
child11,merged,34.924,70,65,0.8440000000000012,False
child11,spurious,0.42,-1,0,1.5570000000000002,False
child11,spurious,36.04,-1,68,0.27199999999999847,False
child11,spurious,36.48,-1,69,0.7119999999999962,False
child12,split,1.62,2,3,0.52,False
child12,split,1.89,2,4,0.7899999999999998,False
child12,split,4.84,10,9,0.5419999999999998,False
child12,split,7.54,16,16,0.12100000000000044,True
child12,split,8.56,20,19,1.141000000000001,False
child12,split,10.3,26,25,0.770999999999999,False
child12,split,13.68,33,33,0.08300000000000018,True
child12,split,14.31,35,34,0.713000000000001,False
child12,split,16.32,42,41,1.0150000000000006,False
child12,split,17.06,44,43,0.27500000000000213,False
child12,split,18.26,47,47,0.5370000000000026,False
child12,split,18.63,48,48,0.6430000000000007,False
child12,split,21.0,53,54,1.161999999999999,False
child12,split,25.69,67,70,0.4789999999999992,False
child12,split,32.47,84,87,1.4429999999999978,False
child12,split,33.4,87,90,0.9010000000000034,False
child12,merged,1.611,2,2,0.5109999999999999,False
child12,merged,1.901,3,4,0.8009999999999999,False
child12,merged,2.804,6,6,1.0430000000000001,False
child12,merged,4.72,9,8,0.4219999999999997,False
child12,merged,4.837,10,8,0.5389999999999997,False
child12,merged,7.876,17,16,0.45700000000000074,False
child12,merged,8.547,20,18,1.128000000000001,False
child12,merged,10.302,26,24,0.7690000000000001,False
child12,merged,14.09,34,33,0.4930000000000003,False
child12,merged,14.192,35,33,0.5950000000000006,False
child12,merged,15.99,41,39,1.3450000000000006,False
child12,merged,16.564,43,41,0.7710000000000008,False
child12,merged,17.142,45,43,0.1930000000000014,False
child12,merged,18.633,48,47,0.6400000000000006,False
child12,merged,25.7,68,70,0.4690000000000012,False
child12,merged,32.469,84,86,1.4420000000000002,False
child12,merged,33.397,87,89,0.9040000000000035,False
child12,merged,33.752,88,90,0.5489999999999995,False
child12,spurious,0.51,-1,0,0.5900000000000001,False
child12,spurious,17.53,-1,44,0.19299999999999784,False
child12,spurious,22.73,-1,60,0.021000000000000796,True
child12,spurious,30.8,-1,81,0.2270000000000003,False
child13,split,1.42,0,2,0.30299999999999994,False
child13,split,5.41,9,12,2.423,False
child13,split,6.85,13,15,0.9830000000000005,False
child13,split,7.18,13,16,0.6530000000000005,False
child13,split,11.99,23,26,0.30100000000000016,False
child13,split,12.91,26,29,1.221,False
child13,split,15.59,32,34,0.29299999999999926,False
child13,split,23.59,48,51,1.2049999999999983,False
child13,split,23.87,49,52,1.4849999999999994,False
child13,split,24.78,52,54,0.6439999999999984,False
child13,split,27.06,57,60,1.232999999999997,False
child13,split,27.8,59,62,1.3419999999999987,False
child13,merged,1.429,1,2,0.31200000000000006,False
child13,merged,5.449,10,12,2.3840000000000003,False
child13,merged,6.833,13,14,1.0,False
child13,merged,7.194,14,16,0.6390000000000002,False
child13,merged,12.007,24,26,0.3179999999999996,False
child13,merged,12.914,27,29,1.2249999999999996,False
child13,merged,15.588,32,33,0.2909999999999986,False
child13,merged,23.614,49,51,1.2289999999999992,False
child13,merged,23.903,50,52,1.5179999999999971,False
child13,merged,24.717,52,53,0.7070000000000007,False
child13,merged,27.09,58,60,1.2629999999999981,False
child13,spurious,0.12,-1,0,0.997,False
child13,spurious,4.54,-1,9,3.293,False
child13,spurious,29.96,-1,65,0.8180000000000014,False
child14,split,1.13,1,1,0.31999999999999984,False
child14,split,1.53,2,2,0.51,False
child14,split,4.96,8,8,0.13900000000000023,True
child14,split,7.41,12,13,1.8840000000000003,False
child14,split,7.9,13,14,1.8680000000000003,False
child14,split,12.22,23,22,0.4530000000000012,False
child14,split,17.22,32,30,1.2439999999999998,False
child14,split,18.31,35,34,0.15399999999999991,False
child14,split,24.87,41,41,1.6560000000000024,False
child14,split,25.83,43,44,2.6159999999999997,False
child14,split,26.39,43,45,3.176000000000002,False
child14,split,35.1,57,58,1.945999999999998,False
child14,split,43.12,73,74,0.35300000000000153,False
child14,split,46.21,78,80,2.1850000000000023,False
child14,split,47.06,81,82,2.442,False
child14,split,48.06,83,84,1.4420000000000002,False
child14,split,49.11,85,87,0.392000000000003,False
child14,split,50.87,89,90,0.6439999999999984,False
child14,split,51.99,92,93,0.10799999999999699,True
child14,split,62.57,109,108,2.368000000000002,False
child14,split,71.52,125,123,1.5279999999999916,False
child14,split,73.71,129,127,0.7000000000000028,False
child14,split,80.34,144,142,1.5,False
child14,split,80.76,146,143,1.6099999999999994,False
child14,split,82.13,149,146,0.2400000000000091,False
child14,split,83.35,152,149,0.5599999999999881,False
child14,merged,1.138,1,0,0.32799999999999985,False
child14,merged,1.545,2,1,0.4950000000000001,False
child14,merged,3.2,5,4,0.839,False
child14,merged,7.559,13,13,2.0330000000000004,False
child14,merged,7.921,14,14,1.8470000000000004,False
child14,merged,9.711,18,17,0.057000000000000384,True
child14,merged,12.9,25,23,1.133000000000001,False
child14,merged,17.065,32,29,1.3989999999999974,False
child14,merged,26.407,44,45,3.1930000000000014,False
child14,merged,35.083,57,57,1.928999999999995,False
child14,merged,42.183,71,71,1.2899999999999991,False
child14,merged,46.311,79,80,2.2860000000000014,False
child14,merged,46.967,81,81,2.5350000000000037,False
child14,merged,48.015,83,83,1.4870000000000019,False
child14,merged,49.12,86,87,0.382000000000005,False
child14,merged,50.897,90,90,0.6709999999999994,False
child14,merged,55.334,97,97,1.2039999999999935,False
child14,merged,59.213,103,102,1.0670000000000002,False
child14,merged,59.825,104,102,1.679000000000002,False
child14,merged,68.001,119,117,1.3159999999999883,False
child14,merged,68.624,120,117,0.6929999999999978,False
child14,merged,72.796,128,125,1.61399999999999,False
child14,merged,73.723,130,127,0.6869999999999976,False
child14,merged,80.467,145,142,1.6269999999999953,False
child14,merged,80.767,146,142,1.6030000000000086,False
child14,merged,81.084,147,143,1.2860000000000014,False
child14,merged,82.271,150,146,0.09900000000000375,True
child14,merged,83.443,153,149,0.6529999999999916,False
child14,merged,84.997,157,151,0.3580000000000041,False
child14,spurious,86.56,-1,155,0.2950000000000017,False
child2,split,7.17,14,14,0.6529999999999996,False
child2,split,20.03,44,43,0.47900000000000276,False
child2,split,20.47,44,44,0.5899999999999999,False
child2,split,44.48,88,84,0.7259999999999991,False
child2,split,46.74,94,90,0.2839999999999989,False
child2,split,50.43,102,100,0.5259999999999962,False
child2,split,51.0,104,101,0.7430000000000021,False
child2,split,53.34,108,104,0.001999999999995339,True
child2,merged,7.162,14,13,0.6449999999999996,False
child2,merged,16.404,35,34,2.3529999999999998,False
child2,merged,20.017,44,42,0.4660000000000011,False
child2,merged,20.483,45,44,0.5769999999999982,False
child2,merged,20.909,46,44,0.1509999999999998,False
child2,merged,21.783,48,45,0.41600000000000037,False
child2,merged,22.622,50,46,0.17999999999999972,False
child2,merged,44.446,88,83,0.6920000000000002,False
child2,merged,46.746,94,89,0.28999999999999915,False
child2,merged,50.454,103,100,0.5499999999999972,False
child2,merged,50.974,104,100,0.7690000000000055,False
child2,merged,51.516,105,101,0.22700000000000387,False
child2,merged,52.646,107,102,0.2609999999999957,False
child2,merged,53.832,109,104,0.22999999999999687,False
child2,spurious,49.72,-1,98,0.1840000000000046,False
child3,split,0.71,0,1,0.18499999999999994,False
child3,split,1.14,2,2,0.6149999999999999,False
child3,split,12.27,24,23,0.33000000000000007,False
child3,split,24.08,48,46,1.2659999999999982,False
child3,split,28.07,57,54,1.5100000000000016,False
child3,merged,0.835,1,1,0.30999999999999994,False
child3,merged,1.145,2,1,0.62,False
child3,merged,9.446,18,17,1.2669999999999995,False
child3,merged,12.231,24,22,0.29100000000000037,False
child3,merged,19.905,40,38,0.5869999999999997,False
child3,merged,24.078,48,45,1.2639999999999993,False
child3,merged,26.862,54,51,0.3019999999999996,False
child3,merged,28.07,57,53,1.5100000000000016,False
child4,split,11.89,26,24,0.19699999999999918,False
child4,merged,2.827,4,4,1.267,False
child4,merged,5.536,10,9,0.6559999999999997,False
child4,merged,8.698,18,16,0.5210000000000008,False
child4,merged,11.865,26,23,0.22199999999999953,False
child4,spurious,0.16,-1,0,1.4000000000000001,False
child5,split,0.43,0,1,0.313,False
child5,split,2.71,6,6,1.0670000000000002,False
child5,split,10.42,21,22,0.9540000000000006,False
child5,split,13.4,28,28,1.4190000000000005,False
child5,split,23.73,48,49,0.8979999999999997,False
child5,merged,0.441,1,1,0.324,False
child5,merged,2.698,6,5,1.0790000000000002,False
child5,merged,10.509,22,22,0.8650000000000002,False
child5,merged,13.255,28,27,1.4570000000000007,False
child5,merged,23.738,49,49,0.9059999999999988,False
child6,split,8.5,17,17,0.6779999999999999,False
child6,split,9.43,18,19,1.6079999999999997,False
child6,split,11.99,23,23,0.3179999999999996,False
child6,split,16.6,30,30,0.2940000000000005,False
child6,split,19.17,37,36,0.7459999999999987,False
child6,split,22.33,42,42,1.4100000000000001,False
child6,split,22.55,43,43,1.1899999999999977,False
child6,split,26.81,47,50,1.6020000000000003,False
child6,split,27.06,48,51,1.8520000000000003,False
child6,merged,8.497,17,16,0.6749999999999998,False
child6,merged,9.453,19,19,1.6309999999999993,False
child6,merged,10.427,21,20,0.8369999999999997,False
child6,merged,12.018,24,23,0.3460000000000001,False
child6,merged,16.619,31,30,0.31299999999999883,False
child6,merged,19.087,37,35,0.8290000000000006,False
child6,merged,22.531,43,42,1.2089999999999996,False
child6,merged,26.835,48,50,1.6270000000000024,False
child6,merged,27.096,49,51,1.8880000000000017,False
child6,spurious,24.77,-1,45,0.43799999999999883,False
child6,spurious,25.01,-1,46,0.19799999999999685,False
child6,spurious,32.85,-1,62,0.25500000000000256,False
child7,split,1.97,2,2,0.7449999999999999,False
child7,split,5.99,8,9,0.37900000000000045,False
child7,split,6.32,9,10,0.7090000000000005,False
child7,split,7.4,12,11,1.7890000000000006,False
child7,split,12.71,20,20,0.9849999999999994,False
child7,split,18.88,31,30,0.3260000000000005,False
child7,split,28.48,48,47,1.3689999999999998,False
child7,split,34.42,59,58,1.1219999999999999,False
child7,merged,1.959,2,1,0.734,False
child7,merged,6.016,9,9,0.40500000000000025,False
child7,merged,6.403,10,10,0.7919999999999998,False
child7,merged,7.008,11,10,1.3970000000000002,False
child7,merged,7.402,12,10,1.7910000000000004,False
child7,merged,12.727,21,20,0.968,False
child7,merged,18.883,31,29,0.3290000000000006,False
child7,merged,28.465,48,46,1.3539999999999992,False
child7,merged,34.353,59,57,1.189,False
child8,split,5.68,7,9,1.0790000000000006,False
child8,split,7.86,9,11,0.532,False
child8,split,12.02,18,19,0.6689999999999987,False
child8,split,17.56,30,30,1.0650000000000013,False
child8,split,25.53,47,45,0.347999999999999,False
child8,split,26.87,49,47,0.37700000000000244,False
child8,split,31.05,59,57,1.0059999999999967,False
child8,split,31.69,60,59,0.3659999999999961,False
child8,split,39.1,78,74,0.35300000000000153,False
child8,split,39.71,79,76,0.963000000000001,False
child8,merged,5.67,7,8,1.0890000000000004,False
child8,merged,7.845,9,10,0.5169999999999995,False
child8,merged,11.898,17,18,0.5469999999999988,False
child8,merged,12.021,18,18,0.6699999999999999,False
child8,merged,12.705,20,20,1.3539999999999992,False
child8,merged,14.802,25,24,3.4509999999999987,False
child8,merged,17.577,31,30,1.0479999999999983,False
child8,merged,22.72,41,39,3.1580000000000013,False
child8,merged,25.508,47,44,0.370000000000001,False
child8,merged,26.867,49,46,0.37400000000000233,False
child8,merged,31.03,59,56,1.0259999999999962,False
child8,merged,31.73,61,59,0.32599999999999696,False
child8,merged,35.111,69,66,0.9890000000000043,False
child8,merged,35.423,70,66,0.6769999999999996,False
child8,merged,39.101,78,73,0.3539999999999992,False
child8,merged,39.722,80,76,0.9750000000000014,False
child8,merged,41.039,84,79,1.9159999999999968,False
child8,merged,41.405,85,79,1.5499999999999972,False
child8,spurious,1.13,-1,0,2.025,False
child8,spurious,1.31,-1,1,1.8449999999999998,False
child8,spurious,43.68,-1,81,0.7250000000000014,False
child8,spurious,43.96,-1,82,1.0050000000000026,False
child9,split,1.99,0,2,0.2549999999999999,False
child9,split,1.99,1,2,0.2549999999999999,False
child9,split,2.31,1,3,0.575,False
child9,split,7.83,13,15,0.8130000000000006,False
child9,split,9.27,15,17,0.23499999999999943,False
child9,split,10.2,17,19,1.1649999999999991,False
child9,split,11.43,21,22,0.8079999999999998,False
child9,split,18.12,34,36,1.0509999999999984,False
child9,split,18.43,36,37,0.7409999999999997,False
child9,merged,1.997,1,1,0.262,False
child9,merged,1.997,1,2,0.262,False
child9,merged,2.34,2,3,0.6049999999999998,False
child9,merged,7.839,14,15,0.8040000000000003,False
child9,merged,9.28,16,17,0.24499999999999922,False
child9,merged,10.22,18,19,1.1850000000000005,False
child9,merged,11.415,21,21,0.8230000000000004,False
child9,merged,18.13,35,36,1.0410000000000004,False
child9,merged,18.409,36,36,0.7620000000000005,False
child9,merged,20.126,40,40,0.5210000000000008,False
child9,merged,27.778,57,56,1.3449999999999989,False
child9,merged,28.61,59,57,0.8960000000000008,False
child9,spurious,0.48,-1,0,1.2550000000000001,False
q1,split,1.02,1,2,0.635,False
q1,split,12.49,21,20,2.6189999999999998,False
q1,merged,1.01,1,1,0.625,False
q1,merged,2.209,3,3,1.824,False
q1,merged,6.067,9,8,0.9080000000000004,False
q1,merged,7.112,12,10,1.1319999999999997,False
q1,merged,11.745,19,17,2.138,False
q1,merged,12.501,22,20,2.6080000000000005,False
q1,merged,13.408,25,22,1.7010000000000005,False
q1,spurious,0.09,-1,0,0.29500000000000004,False
q1,spurious,8.98,-1,12,0.6269999999999989,False
q102,split,0.94,1,1,0.48199999999999993,False
q102,split,2.11,4,4,0.32600000000000007,False
q102,split,2.42,4,5,0.016000000000000014,True
q102,split,3.2,6,7,0.3480000000000003,False
q102,split,3.6,8,8,0.7480000000000002,False
q102,split,4.85,10,10,1.487,False
q102,split,5.52,12,12,0.8170000000000002,False
q102,split,7.35,16,15,0.266,False
q102,split,7.73,17,16,0.6460000000000008,False
q102,split,9.56,21,20,1.2439999999999998,False
q102,split,9.77,22,21,1.0340000000000007,False
q102,split,11.71,26,24,0.2560000000000002,False
q102,split,12.28,28,26,0.8259999999999987,False
q102,split,21.78,42,37,1.3260000000000005,False
q102,split,22.15,43,38,0.9560000000000031,False
q102,split,23.89,46,41,0.28200000000000003,False
q102,split,24.2,47,42,0.5919999999999987,False
q102,split,26.37,53,47,1.1469999999999985,False
q102,split,26.72,54,48,0.7970000000000006,False
q102,split,28.24,57,50,0.22499999999999787,False
q102,split,28.58,58,51,0.5649999999999977,False
q102,split,31.73,61,54,0.7330000000000005,False
q102,merged,0.926,1,0,0.468,False
q102,merged,1.542,4,3,0.8939999999999999,False
q102,merged,3.203,6,6,0.351,False
q102,merged,3.424,7,7,0.5720000000000001,False
q102,merged,3.586,8,7,0.734,False
q102,merged,4.815,10,9,1.5219999999999994,False
q102,merged,5.507,12,11,0.8300000000000001,False
q102,merged,5.893,14,13,0.44399999999999995,False
q102,merged,7.355,16,14,0.2710000000000008,False
q102,merged,7.719,17,15,0.6350000000000007,False
q102,merged,9.547,21,19,1.2569999999999997,False
q102,merged,9.753,22,20,1.0510000000000002,False
q102,merged,11.704,26,23,0.25,False
q102,merged,12.257,28,25,0.802999999999999,False
q102,merged,19.636,37,34,0.2789999999999999,False
q102,merged,20.247,39,35,0.8900000000000006,False
q102,merged,21.367,41,36,1.7390000000000008,False
q102,merged,21.763,42,36,1.343,False
q102,merged,22.147,43,37,0.9590000000000032,False
q102,merged,22.333,44,38,0.7730000000000032,False
q102,merged,23.914,47,41,0.30600000000000094,False
q102,merged,24.219,48,42,0.6110000000000007,False
q102,merged,26.366,53,46,1.1509999999999998,False
q102,merged,26.565,54,47,0.9519999999999982,False
q102,merged,26.733,55,48,0.7839999999999989,False
q102,merged,28.223,57,49,0.2079999999999984,False
q102,merged,28.567,58,50,0.5519999999999996,False
q102,merged,29.406,60,52,1.3909999999999982,False
q14,split,0.64,1,1,0.325,False
q14,split,5.79,8,8,0.5270000000000001,False
q14,split,7.21,10,10,0.33199999999999985,False
q14,split,7.53,11,11,0.6520000000000001,False
q14,split,8.09,12,12,1.2119999999999997,False
q14,split,18.4,23,22,0.33699999999999974,False
q14,split,18.9,23,23,0.8369999999999997,False
q14,merged,0.615,1,0,0.3,False
q14,merged,5.783,8,7,0.5339999999999998,False
q14,merged,7.183,10,9,0.3049999999999997,False
q14,merged,7.485,11,10,0.6070000000000002,False
q14,merged,8.072,12,11,1.193999999999999,False
q14,merged,16.879,20,19,0.8030000000000008,False
q14,merged,18.365,23,21,0.3019999999999996,False
q14,merged,18.926,24,23,0.8629999999999995,False
q16,split,1.52,3,3,1.079,False
q16,split,1.92,4,4,1.4789999999999999,False
q16,split,2.29,5,5,1.849,False
q16,split,6.2,11,9,1.6509999999999998,False
q16,split,9.62,16,14,0.6919999999999984,False
q16,split,10.73,19,16,1.8019999999999996,False
q16,split,11.12,20,17,1.8150000000000013,False
q16,split,13.79,23,20,0.37099999999999866,False
q16,split,14.11,24,21,0.690999999999999,False
q16,split,14.47,25,22,1.0510000000000002,False
q16,merged,1.518,3,2,1.077,False
q16,merged,1.917,4,3,1.476,False
q16,merged,2.288,5,4,1.8469999999999998,False
q16,merged,5.145,9,8,2.7060000000000004,False
q16,merged,5.5,10,8,2.351,False
q16,merged,5.835,11,8,2.016,False
q16,merged,6.219,12,9,1.6319999999999997,False
q16,merged,9.63,17,14,0.702,False
q16,merged,10.724,19,15,1.7959999999999994,False
q16,merged,11.107,20,16,1.8280000000000012,False
q16,merged,13.778,23,19,0.359,False
q16,merged,14.105,24,20,0.6859999999999999,False
q16,merged,14.458,25,21,1.0389999999999997,False
q16,merged,14.806,26,22,1.3869999999999987,False
q18,split,1.87,2,2,1.322,False
q18,split,7.56,10,10,1.7150000000000007,False
q18,split,7.99,10,11,1.2850000000000001,False
q18,split,11.99,14,14,1.3119999999999994,False
q18,split,12.38,14,15,1.702,False
q18,split,14.22,17,18,0.5350000000000001,False
q18,split,16.02,20,20,0.3460000000000001,False
q18,split,17.24,21,22,1.5620000000000012,False
q18,split,18.0,23,23,0.8019999999999996,False
q18,split,20.07,24,25,0.11400000000000077,True
q18,split,20.4,25,26,0.44399999999999906,False
q18,split,21.25,26,27,1.2940000000000005,False
q18,split,21.64,27,28,1.684000000000001,False
q18,split,23.27,29,31,0.7809999999999988,False
q18,split,23.47,30,32,0.5809999999999995,False
q18,split,26.91,34,37,0.7330000000000005,False
q18,merged,1.833,2,1,1.285,False
q18,merged,7.514,10,9,1.7120000000000006,False
q18,merged,8.169,11,11,1.1059999999999999,False
q18,merged,11.977,14,13,1.2989999999999995,False
q18,merged,12.409,15,15,1.7309999999999999,False
q18,merged,14.265,18,18,0.4900000000000002,False
q18,merged,16.011,20,19,0.33699999999999974,False
q18,merged,17.247,22,22,1.5549999999999997,False
q18,merged,17.875,23,22,0.9269999999999996,False
q18,merged,20.382,25,25,0.42600000000000193,False
q18,merged,21.195,26,26,1.2390000000000008,False
q18,merged,21.622,27,27,1.6660000000000004,False
q18,merged,23.446,30,31,0.6049999999999969,False
q18,merged,26.923,35,37,0.7200000000000024,False
q2,split,9.11,14,11,1.7270000000000003,False
q2,merged,1.389,1,0,0.864,False
q2,merged,2.058,3,1,1.533,False
q2,merged,3.817,7,4,1.1920000000000002,False
q2,merged,9.141,15,11,1.6959999999999997,False
q2,merged,13.289,20,14,1.725999999999999,False
q2,merged,14.549,22,15,1.9400000000000013,False
q2,merged,16.002,26,18,0.4870000000000019,False
q2,merged,20.937,32,23,1.8569999999999993,False
q21,split,0.46,1,1,0.232,False
q21,split,0.72,2,2,0.492,False
q21,split,1.52,5,5,1.292,False
q21,split,2.78,9,9,0.9280000000000004,False
q21,split,3.13,10,10,0.5780000000000003,False
q21,split,4.52,11,12,0.10599999999999987,True
q21,split,4.97,13,14,0.556,False
q21,split,6.01,17,17,1.5170000000000003,False
q21,split,8.88,22,21,0.23300000000000054,False
q21,split,9.15,23,22,0.5030000000000001,False
q21,split,10.5,28,26,1.8529999999999998,False
q21,split,10.75,28,27,2.1029999999999998,False
q21,split,11.09,30,28,2.4429999999999996,False
q21,split,11.72,31,30,3.0730000000000004,False
q21,split,12.08,32,31,3.433,False
q21,split,13.62,38,37,2.061,False
q21,split,14.43,40,39,1.2509999999999994,False
q21,split,20.02,53,53,0.3949999999999996,False
q21,split,21.14,54,55,0.20700000000000074,False
q21,split,21.43,55,56,0.4969999999999999,False
q21,split,21.7,56,57,0.7669999999999995,False
q21,split,22.23,57,59,1.2970000000000006,False
q21,split,22.81,59,61,1.0420000000000016,False
q21,split,25.11,62,65,0.532,False
q21,split,26.11,65,68,1.532,False
q21,split,26.89,68,70,1.788999999999998,False
q21,split,27.16,68,71,1.5189999999999984,False
q21,split,27.33,69,72,1.3490000000000002,False
q21,split,28.27,70,74,0.4089999999999989,False
q21,split,29.41,71,76,0.17800000000000082,False
q21,split,29.99,73,78,0.7579999999999991,False
q21,split,30.26,74,79,1.0280000000000022,False
q21,split,31.03,76,82,0.9789999999999992,False
q21,merged,0.434,1,0,0.206,False
q21,merged,0.704,2,1,0.476,False
q21,merged,1.503,5,4,1.275,False
q21,merged,2.626,9,8,1.0820000000000003,False
q21,merged,3.116,10,9,0.5920000000000001,False
q21,merged,4.952,13,13,0.5380000000000003,False
q21,merged,5.747,16,16,1.3330000000000002,False
q21,merged,6.005,17,16,1.5220000000000002,False
q21,merged,6.5,19,18,1.0270000000000001,False
q21,merged,8.874,22,20,0.2270000000000003,False
q21,merged,9.127,23,21,0.4800000000000004,False
q21,merged,9.421,24,22,0.7739999999999991,False
q21,merged,10.485,28,25,1.8379999999999992,False
q21,merged,10.761,29,27,2.113999999999999,False
q21,merged,11.07,30,27,2.423,False
q21,merged,12.059,32,30,3.411999999999999,False
q21,merged,13.616,38,36,2.0649999999999995,False
q21,merged,13.735,39,37,1.9459999999999997,False
q21,merged,14.444,41,39,1.2369999999999983,False
q21,merged,21.403,55,55,0.46999999999999886,False
q21,merged,21.67,56,56,0.7370000000000019,False
q21,merged,22.255,58,59,1.3219999999999992,False
q21,merged,25.117,63,65,0.5390000000000015,False
q21,merged,26.119,66,68,1.5410000000000004,False
q21,merged,26.895,68,69,1.783999999999999,False
q21,merged,27.172,69,71,1.506999999999998,False
q21,merged,29.973,73,77,0.7409999999999997,False
q21,merged,30.239,74,78,1.0070000000000014,False
q21,spurious,18.18,-1,48,1.8879999999999981,False
q22,split,1.18,2,2,0.7569999999999999,False
q22,split,1.57,2,3,1.147,False
q22,split,1.57,3,3,1.147,False
q22,split,2.31,5,5,1.887,False
q22,split,2.98,6,6,2.557,False
q22,split,4.19,10,8,1.468,False
q22,split,4.57,10,9,1.088,False
q22,split,5.12,13,11,0.5380000000000003,False
q22,split,8.14,21,18,2.0420000000000007,False
q22,split,8.33,22,19,2.232,False
q22,split,10.22,25,23,1.8810000000000002,False
q22,split,13.18,32,29,0.4559999999999995,False
q22,split,16.12,39,34,1.8149999999999977,False
q22,split,16.53,41,35,1.4049999999999976,False
q22,split,19.23,48,42,0.7070000000000007,False
q22,split,20.41,51,45,0.9239999999999995,False
q22,split,21.92,55,48,0.20400000000000063,False
q22,split,23.69,61,53,0.7949999999999982,False
q22,split,26.52,65,58,1.471,False
q22,split,26.93,65,59,1.8810000000000002,False
q22,split,27.22,66,60,2.1709999999999994,False
q22,split,28.0,67,62,2.103999999999999,False
q22,split,28.85,68,64,1.2539999999999978,False
q22,split,29.68,69,66,0.4239999999999995,False
q22,split,35.24,74,71,1.149000000000001,False
q22,split,35.99,75,73,1.899000000000001,False
q22,split,36.4,76,74,1.4990000000000023,False
q22,split,37.34,77,76,0.5589999999999975,False
q22,split,40.95,80,79,0.8070000000000022,False
q22,split,41.33,81,80,1.1869999999999976,False
q22,merged,1.171,2,1,0.748,False
q22,merged,1.579,3,2,1.156,False
q22,merged,1.579,3,3,1.156,False
q22,merged,2.285,5,4,1.862,False
q22,merged,2.417,6,5,1.9939999999999998,False
q22,merged,3.027,7,6,2.604,False
q22,merged,3.777,9,7,1.8810000000000002,False
q22,merged,4.186,10,7,1.4720000000000004,False
q22,merged,4.581,11,9,1.077,False
q22,merged,5.122,13,10,0.5360000000000005,False
q22,merged,7.969,20,17,1.8710000000000004,False
q22,merged,8.145,21,17,2.0469999999999997,False
q22,merged,8.305,22,18,2.207,False
q22,merged,10.298,26,23,1.8030000000000008,False
q22,merged,11.133,29,25,0.9680000000000017,False
q22,merged,13.191,33,29,0.4670000000000005,False
q22,merged,13.866,34,29,1.1419999999999995,False
q22,merged,14.453,36,30,1.7289999999999992,False
q22,merged,16.128,40,34,1.8069999999999986,False
q22,merged,16.535,41,34,1.3999999999999986,False
q22,merged,19.191,48,41,0.6679999999999993,False
q22,merged,20.411,51,44,0.9229999999999983,False
q22,merged,20.598,52,45,0.7360000000000007,False
q22,merged,21.916,55,47,0.1999999999999993,False
q22,merged,23.477,60,52,1.0079999999999991,False
q22,merged,23.559,61,52,0.9259999999999984,False
q22,merged,26.979,66,59,1.9299999999999997,False
q22,merged,35.214,74,70,1.1229999999999976,False
q22,merged,36.381,76,73,1.5180000000000007,False
q22,merged,40.946,80,78,0.8029999999999973,False
q22,merged,41.328,81,79,1.1850000000000023,False
q22,spurious,24.49,-1,54,0.004999999999999005,True
q24,split,0.73,1,2,0.435,False
q24,split,1.02,3,3,0.7250000000000001,False
q24,split,1.77,5,5,1.475,False
q24,split,1.99,7,6,1.695,False
q24,split,3.4,12,12,0.6039999999999996,False
q24,split,3.57,12,13,0.4339999999999997,False
q24,split,5.75,14,16,0.44200000000000017,False
q24,split,6.24,16,18,0.9320000000000004,False
q24,split,11.97,31,31,1.4670000000000005,False
q24,split,15.64,40,37,0.4510000000000005,False
q24,merged,0.782,2,2,0.48700000000000004,False
q24,merged,1.029,3,2,0.734,False
q24,merged,1.277,4,3,0.982,False
q24,merged,1.798,6,5,1.5030000000000001,False
q24,merged,2.029,7,5,1.734,False
q24,merged,5.775,15,16,0.4670000000000005,False
q24,merged,6.282,17,18,0.9660000000000002,False
q24,merged,10.7,26,27,0.19699999999999918,False
q24,merged,11.201,28,28,0.6980000000000004,False
q24,merged,11.959,31,30,1.4559999999999995,False
q24,merged,13.452,36,35,0.718,False
q24,merged,13.647,37,35,0.5229999999999997,False
q24,merged,15.646,40,36,0.45700000000000074,False
q24,merged,16.915,45,40,1.725999999999999,False
q24,merged,17.624,47,41,1.4730000000000025,False
q24,spurious,9.84,-1,26,0.6630000000000003,False
q24,spurious,19.74,-1,43,0.6429999999999971,False
q34,split,0.37,0,1,0.007000000000000006,True
q34,split,0.77,1,3,0.393,False
q34,split,5.98,8,10,0.8400000000000007,False
q34,split,7.19,11,13,0.29499999999999993,False
q34,split,11.36,23,23,0.734,False
q34,split,16.04,32,31,0.3819999999999997,False
q34,split,17.16,34,33,0.3309999999999995,False
q34,merged,5.978,8,9,0.8380000000000001,False
q34,merged,6.774,11,12,0.7110000000000003,False
q34,merged,7.228,12,13,0.25700000000000056,False
q34,merged,9.668,18,18,1.6229999999999993,False
q34,merged,11.366,23,22,0.7279999999999998,False
q34,merged,16.03,32,30,0.37200000000000166,False
q34,merged,17.159,34,32,0.33200000000000074,False
q56,split,3.73,11,12,0.30500000000000016,False
q56,split,5.29,14,15,0.4889999999999999,False
q56,split,5.52,15,16,0.7189999999999994,False
q56,split,5.74,16,17,0.9390000000000001,False
q56,split,6.91,20,22,1.7970000000000006,False
q56,split,10.67,32,32,1.1669999999999998,False
q56,split,10.9,33,33,1.3970000000000002,False
q56,split,11.11,33,34,1.6069999999999993,False
q56,split,14.46,42,43,0.9130000000000003,False
q56,split,15.18,46,46,1.6329999999999991,False
q56,split,15.41,47,47,1.5650000000000013,False
q56,split,15.66,48,48,1.3150000000000013,False
q56,split,16.42,51,50,0.5549999999999997,False
q56,split,16.6,51,51,0.375,False
q56,merged,5.254,14,14,0.4529999999999994,False
q56,merged,5.511,15,15,0.71,False
q56,merged,5.735,16,16,0.9340000000000002,False
q56,merged,6.927,21,22,1.7800000000000011,False
q56,merged,8.271,26,26,0.43599999999999994,False
q56,merged,10.655,32,31,1.1519999999999992,False
q56,merged,10.889,33,32,1.3859999999999992,False
q56,merged,11.115,34,34,1.612,False
q56,merged,14.493,43,43,0.9459999999999997,False
q56,merged,15.183,46,45,1.6359999999999992,False
q56,merged,15.41,47,46,1.5650000000000013,False
q56,merged,15.647,48,47,1.3280000000000012,False
q56,merged,16.155,50,49,0.8200000000000003,False
q56,merged,16.425,51,49,0.5500000000000007,False
q56,spurious,17.42,-1,52,0.4450000000000003,False
q58,split,5.84,6,12,0.03500000000000014,True
q58,split,11.61,15,23,0.8989999999999991,False
q58,split,12.96,18,26,1.3279999999999994,False
q58,split,14.16,19,28,0.1280000000000001,True
q58,split,17.79,25,36,0.0779999999999994,True
q58,split,24.71,32,45,0.015000000000000568,True
q58,split,27.35,36,51,0.42400000000000304,False
q58,merged,6.924,10,15,1.1190000000000007,False
q58,merged,11.578,15,22,0.8669999999999991,False
q58,merged,12.927,18,25,1.3610000000000007,False
q58,merged,27.241,36,50,0.3150000000000013,False
q58,spurious,0.31,-1,0,0.48200000000000004,False
q58,spurious,3.75,-1,7,0.7080000000000002,False
q58,spurious,4.04,-1,8,0.9980000000000002,False
q58,spurious,4.72,-1,9,1.085,False
q58,spurious,5.27,-1,10,0.5350000000000001,False
q58,spurious,8.82,-1,17,0.1590000000000007,False
q58,spurious,9.59,-1,18,0.9290000000000003,False
q58,spurious,10.32,-1,19,0.391,False
q58,spurious,14.77,-1,29,0.4819999999999993,False
q58,spurious,21.9,-1,41,0.41100000000000136,False
q58,spurious,25.9,-1,47,0.05999999999999872,True
q58,spurious,26.43,-1,48,0.49599999999999866,False
q58,spurious,29.08,-1,52,0.6479999999999997,False
q59,split,3.53,3,3,0.32099999999999973,False
q59,split,5.83,10,10,0.548,False
q59,split,12.25,25,24,1.032,False
q59,merged,3.508,3,2,0.29899999999999993,False
q59,merged,5.822,10,9,0.556,False
q59,merged,11.051,21,20,0.7900000000000009,False
q59,merged,12.235,25,23,1.0470000000000006,False
q61,split,0.57,1,2,0.30199999999999994,False
q61,split,0.74,2,3,0.472,False
q61,split,2.63,3,5,0.34899999999999975,False
q61,split,4.64,9,11,1.2230000000000008,False
q61,split,13.32,28,27,0.9009999999999998,False
q61,merged,0.575,1,1,0.30699999999999994,False
q61,merged,0.744,2,2,0.476,False
q61,merged,2.648,4,5,0.367,False
q61,merged,4.652,10,11,1.2110000000000003,False
q61,merged,4.917,11,11,0.9460000000000006,False
q61,merged,6.613,13,12,0.2680000000000007,False
q61,merged,13.319,28,26,0.9019999999999992,False
q61,spurious,0.06,-1,0,0.20800000000000002,False
q61,spurious,14.62,-1,28,0.39899999999999913,False
q62,split,2.93,1,2,0.5800000000000001,False
q62,split,4.43,4,5,1.2670000000000003,False
q62,split,9.35,8,9,0.488999999999999,False
q62,split,9.65,10,10,0.7889999999999997,False
q62,split,9.9,10,11,1.0389999999999997,False
q62,split,17.03,20,21,2.0329999999999977,False
q62,split,17.45,20,22,1.6129999999999995,False
q62,split,24.0,27,30,2.216000000000001,False
q62,merged,2.95,2,2,0.6000000000000001,False
q62,merged,4.453,5,5,1.2439999999999998,False
q62,merged,9.358,9,9,0.4969999999999999,False
q62,merged,9.648,10,9,0.786999999999999,False
q62,merged,9.906,11,11,1.045,False
q62,merged,24.01,28,30,2.2260000000000026,False
q63,split,0.91,2,2,0.48300000000000004,False
q63,split,6.82,12,13,0.25700000000000056,False
q63,split,8.73,17,18,2.1670000000000007,False
q63,split,12.92,23,26,0.4919999999999991,False
q63,merged,0.911,2,1,0.48400000000000004,False
q63,merged,6.825,12,12,0.26200000000000045,False
q63,merged,8.714,17,17,2.1510000000000007,False
q63,merged,12.988,24,26,0.5599999999999987,False
q63,spurious,6.31,-1,11,0.2530000000000001,False
q63,spurious,12.16,-1,23,0.2680000000000007,False
q73,split,1.0,1,2,0.49,False
q73,split,1.19,1,3,0.5310000000000001,False
q73,split,3.14,3,6,0.7879999999999998,False
q73,split,3.51,5,8,0.41800000000000015,False
q73,split,4.72,7,10,0.18400000000000016,False
q73,split,9.73,19,23,0.548,False
q73,split,11.72,22,27,0.5210000000000008,False
q73,split,14.64,27,33,0.4710000000000001,False
q73,split,16.39,28,35,0.18200000000000216,False
q73,split,16.39,29,35,0.18200000000000216,False
q73,split,20.17,38,45,0.24899999999999878,False
q73,merged,3.147,4,6,0.7810000000000001,False
q73,merged,4.718,7,9,0.18200000000000038,False
q73,merged,16.397,29,34,0.18900000000000006,False
q73,merged,16.397,29,35,0.18900000000000006,False
q8,split,1.18,1,3,0.5099999999999999,False
q8,split,2.75,7,7,2.08,False
q8,split,4.33,11,12,1.149,False
q8,split,6.34,16,17,0.5289999999999999,False
q8,split,7.09,18,19,1.279,False
q8,split,10.76,26,26,0.7379999999999995,False
q8,split,11.3,28,28,1.2780000000000005,False
q8,split,14.02,35,36,0.48300000000000054,False
q8,split,15.92,39,42,0.875,False
q8,split,15.92,40,42,0.875,False
q8,split,16.31,41,44,1.2649999999999988,False
q8,split,19.11,46,50,0.2579999999999991,False
q8,split,23.84,52,57,0.20599999999999952,False
q8,merged,1.202,2,3,0.5319999999999999,False
q8,merged,1.362,3,3,0.6920000000000001,False
q8,merged,2.753,7,6,2.083,False
q8,merged,6.347,16,16,0.5360000000000005,False
q8,merged,7.9,21,21,1.125,False
q8,merged,10.199,24,24,0.1769999999999996,False
q8,merged,10.708,26,25,0.6859999999999999,False
q8,merged,11.295,28,27,1.2729999999999997,False
q8,merged,15.937,40,41,0.8919999999999995,False
q8,merged,15.937,40,42,0.8919999999999995,False
q8,merged,16.477,42,44,1.4320000000000004,False
q8,merged,19.136,47,50,0.2839999999999989,False
q8,merged,20.624,50,52,0.9540000000000006,False
q8,merged,24.808,54,58,0.7710000000000008,False
q8,spurious,0.26,-1,0,0.41000000000000003,False
q8,spurious,9.2,-1,23,0.17499999999999893,False
q8,spurious,14.75,-1,38,0.2469999999999999,False
q8,spurious,18.62,-1,48,0.23199999999999932,False
q8,spurious,21.77,-1,53,0.19200000000000017,False
q8,spurious,22.32,-1,54,0.7420000000000009,False
q8,spurious,23.26,-1,55,0.3739999999999988,False
q80,split,4.33,5,4,0.702,False
q80,split,10.61,14,13,0.3130000000000006,False
q80,split,16.96,23,21,0.7370000000000019,False
q80,split,19.34,27,25,0.6559999999999988,False
q80,split,21.89,30,29,0.17800000000000082,False
q80,split,23.1,32,31,1.3880000000000017,False
q80,split,23.29,32,32,1.5779999999999994,False
q80,split,23.76,33,33,1.5679999999999978,False
q80,split,24.18,34,34,1.1479999999999997,False
q80,split,25.25,35,36,0.0779999999999994,True
q80,split,26.8,38,39,0.8490000000000002,False
q80,split,33.63,48,50,0.972999999999999,False
q80,split,36.3,52,54,0.8529999999999944,False
q80,split,36.65,53,55,1.2029999999999959,False
q80,merged,4.33,5,3,0.702,False
q80,merged,14.351,19,17,0.5290000000000017,False
q80,merged,16.955,23,20,0.7319999999999993,False
q80,merged,19.349,27,24,0.6649999999999991,False
q80,merged,23.106,32,30,1.394000000000002,False
q80,merged,23.718,33,32,1.6099999999999994,False
q80,merged,24.18,34,33,1.1479999999999997,False
q80,merged,26.797,38,38,0.8460000000000001,False
q80,merged,33.65,49,50,0.953000000000003,False
q80,merged,36.324,53,54,0.8769999999999953,False
q80,merged,36.744,54,55,1.296999999999997,False
q85,split,9.28,8,8,1.4399999999999995,False
q85,split,12.62,10,11,0.053999999999998494,True
q85,split,15.21,12,13,2.501999999999999,False
q85,split,20.5,21,19,2.1720000000000006,False
q85,merged,6.108,5,4,1.2680000000000007,False
q85,merged,15.158,12,12,2.5540000000000003,False
q85,merged,16.21,14,14,1.501999999999999,False
q85,merged,16.583,15,14,1.1290000000000013,False
q85,merged,19.302,19,17,1.1969999999999992,False
q85,merged,20.498,21,18,2.1739999999999995,False
q86,split,1.61,0,1,0.017000000000000126,True
q86,split,2.73,3,4,1.137,False
q86,split,3.77,5,7,2.177,False
q86,split,4.14,7,8,2.5469999999999997,False
q86,split,11.16,23,22,1.1069999999999993,False
q86,split,13.4,26,24,0.3849999999999998,False
q86,split,14.74,32,29,0.8059999999999992,False
q86,split,16.31,34,31,0.3119999999999994,False
q86,split,21.37,43,39,1.4009999999999998,False
q86,split,22.97,46,42,3.0009999999999977,False
q86,merged,2.705,3,3,1.112,False
q86,merged,3.795,6,7,2.202,False
q86,merged,4.123,7,7,2.5300000000000002,False
q86,merged,4.457,8,8,2.864,False
q86,merged,9.111,17,16,1.0440000000000005,False
q86,merged,11.136,23,21,1.1310000000000002,False
q86,merged,13.195,25,23,0.17999999999999972,False
q86,merged,13.403,26,23,0.3879999999999999,False
q86,merged,14.705,32,28,0.8409999999999993,False
q86,merged,16.313,34,30,0.3149999999999995,False
q86,merged,18.824,40,36,0.695999999999998,False
q86,merged,20.306,42,37,0.33699999999999974,False
q86,merged,22.088,45,40,2.1189999999999998,False
q86,merged,23.014,47,42,3.0199999999999996,False
q87,split,5.97,8,8,1.6370000000000005,False
q87,split,6.52,9,9,1.0870000000000006,False
q87,split,6.8,10,10,0.8070000000000004,False
q87,split,8.77,11,12,0.39700000000000024,False
q87,split,16.06,27,21,0.2289999999999992,False
q87,split,17.11,29,24,0.6810000000000009,False
q87,split,18.82,32,26,0.4559999999999995,False
q87,split,24.08,40,34,0.9709999999999965,False
q87,split,24.95,43,36,1.3859999999999992,False
q87,split,27.32,47,39,0.3260000000000005,False
q87,split,28.02,49,41,1.0259999999999998,False
q87,split,30.46,52,45,0.6500000000000021,False
q87,split,34.02,61,53,0.703000000000003,False
q87,split,34.25,61,54,0.9329999999999998,False
q87,split,34.89,63,56,1.5730000000000004,False
q87,split,35.65,65,57,1.483000000000004,False
q87,merged,2.217,3,2,0.9450000000000001,False
q87,merged,6.013,9,8,1.5940000000000003,False
q87,merged,6.808,10,9,0.7990000000000004,False
q87,merged,8.792,12,12,0.4190000000000005,False
q87,merged,9.644,14,13,1.2710000000000008,False
q87,merged,10.041,15,13,1.5629999999999988,False
q87,merged,12.457,20,17,0.3180000000000014,False
q87,merged,13.097,22,18,0.9580000000000002,False
q87,merged,13.398,23,18,1.2590000000000003,False
q87,merged,14.582,25,19,0.6809999999999992,False
q87,merged,16.059,27,20,0.22800000000000153,False
q87,merged,17.14,30,24,0.6509999999999998,False
q87,merged,18.808,32,25,0.44399999999999906,False
q87,merged,20.872,36,29,1.4460000000000015,False
q87,merged,24.137,41,34,1.0279999999999987,False
q87,merged,24.915,43,35,1.4209999999999994,False
q87,merged,25.723,45,37,0.6129999999999995,False
q87,merged,27.289,47,38,0.2950000000000017,False
q87,merged,27.577,48,39,0.583000000000002,False
q87,merged,30.504,53,45,0.6940000000000026,False
q87,merged,33.999,61,52,0.6820000000000022,False
q87,merged,34.294,62,54,0.9769999999999968,False
q87,merged,35.397,64,56,1.7360000000000042,False
q87,merged,35.553,65,56,1.5800000000000054,False
q87,merged,35.667,66,57,1.466000000000001,False
q9,split,1.52,3,4,1.165,False
q9,split,2.72,8,8,1.3889999999999998,False
q9,split,3.61,10,10,0.4990000000000001,False
q9,split,5.6,13,13,0.8809999999999993,False
q9,split,6.21,15,15,1.4909999999999997,False
q9,split,7.27,19,17,0.4670000000000005,False
q9,split,10.06,21,19,0.5899999999999999,False
q9,split,13.89,32,30,3.289999999999999,False
q9,split,14.79,34,32,2.3900000000000006,False
q9,split,16.0,39,36,1.1799999999999997,False
q9,split,16.3,40,37,0.879999999999999,False
q9,merged,1.531,4,4,1.176,False
q9,merged,2.703,8,7,1.4060000000000001,False
q9,merged,3.605,10,9,0.504,False
q9,merged,5.598,13,12,0.8789999999999996,False
q9,merged,6.207,15,14,1.4879999999999995,False
q9,merged,6.492,16,15,1.245,False
q9,merged,7.094,18,16,0.6429999999999998,False
q9,merged,7.239,19,16,0.4980000000000002,False
q9,merged,10.045,21,18,0.5749999999999993,False
q9,merged,13.872,32,29,3.308,False
q9,merged,14.473,34,31,2.706999999999999,False
q9,merged,14.804,35,32,2.3759999999999994,False
q9,merged,15.969,39,35,1.2110000000000003,False
q9,merged,16.295,40,36,0.884999999999998,False
q96,merged,12.904,12,11,1.0180000000000007,False
